rank,town,village,village_id,data_period,elderly_econ_est,vulnerable_elderly_est,vulnerable_rate_pct,elderly_transit_est,bus_gap_elderly_est,bus_gap_rate_pct,joint_pressure_raw,priority_score,priority_band,data_quality,economic_suppressed_cells,vulnerable_suppressed_cells,transit_suppressed_cells,bus_gap_suppressed_cells
1,大同鄉,英士村,10002110-005,113Y,55.0,4.0,7.2727,57.0,18.0,31.5789,0.1515,90.5727,A 極高優先,較高,0,0,0,0
2,三星鄉,尚武村,10002100-016,113Y,193.0,3.0,1.5544,190.0,179.0,94.2105,0.121,72.9882,A 極高優先,較高,0,0,0,0
3,三星鄉,天山村,10002100-002,113Y,143.0,7.0,4.8951,143.0,30.0,20.979,0.1013,67.1556,A 極高優先,較高,0,0,0,0
4,冬山鄉,武淵村,10002080-001,113Y,274.0,3.0,1.0949,274.0,254.0,92.7007,0.1007,62.2894,A 極高優先,較高,0,0,0,0
5,員山鄉,中華村,10002070-008,113Y,188.0,10.0,5.3191,195.0,28.0,14.359,0.0874,61.8866,A 極高優先,較高,0,0,0,0
6,南澳鄉,澳花村,10002120-007,113Y,108.0,12.0,11.1111,108.0,7.0,6.4815,0.0849,61.6476,A 極高優先,較高,0,0,0,0
7,大同鄉,寒溪村,10002110-001,113Y,164.0,8.0,4.878,170.0,21.0,12.3529,0.0776,55.412,A 極高優先,較高,0,0,0,0
8,三星鄉,行健村,10002100-011,113Y,204.0,3.0,1.4706,204.0,103.0,50.4902,0.0862,54.5943,A 極高優先,較高,0,0,0,0
9,南澳鄉,東岳村,10002120-003,113Y,86.0,9.0,10.4651,87.0,4.0,4.5977,0.0694,51.7433,A 極高優先,較高,0,0,0,0
10,蘇澳鎮,永春里,10002030-016,113Y,148.0,4.0,2.7027,149.0,31.0,20.8054,0.075,50.1576,A 極高優先,較高,0,0,0,0
11,三星鄉,拱照村,10002100-009,113Y,291.0,4.0,1.3746,293.0,119.0,40.6143,0.0747,50.0153,A 極高優先,較高,0,0,0,0
12,冬山鄉,太和村,10002080-011,113Y,357.0,3.0,0.8403,360.0,248.0,68.8889,0.0761,49.2714,A 極高優先,較高,0,0,0,0
13,冬山鄉,大進村,10002080-024,113Y,223.0,3.0,1.3453,226.0,96.0,42.4779,0.0756,49.0122,A 極高優先,較高,0,0,0,0
14,礁溪鄉,德陽村,10002050-003,113Y,978.0,20.0,2.045,978.0,125.0,12.7812,0.0511,46.9882,A 極高優先,較高,0,0,0,0
15,三星鄉,大隱村,10002100-010,113Y,883.0,8.0,0.906,889.0,342.0,38.4702,0.059,45.5991,A 極高優先,較高,0,0,0,0
16,礁溪鄉,匏崙村,10002050-017,113Y,223.0,5.0,2.2422,226.0,39.0,17.2566,0.0622,44.6066,A 極高優先,較高,0,0,0,0
17,壯圍鄉,功勞村,10002060-010,113Y,274.0,4.0,1.4599,274.0,78.0,28.4672,0.0645,44.6033,A 極高優先,較高,0,0,0,0
18,羅東鎮,北成里,10002020-018,113Y,571.0,12.0,2.1016,570.0,73.0,12.807,0.0519,44.2363,A 極高優先,較高,0,0,0,0
19,頭城鎮,更新里,10002040-005,113Y,305.0,5.0,1.6393,307.0,67.0,21.8241,0.0598,43.3456,A 極高優先,較高,0,0,0,0
20,壯圍鄉,新南村,10002060-003,113Y,208.0,3.0,1.4423,208.0,60.0,28.8462,0.0645,43.1567,A 極高優先,較高,0,0,0,0
21,三星鄉,大義村,10002100-015,113Y,317.0,9.0,2.8391,318.0,31.0,9.7484,0.0526,42.8977,A 極高優先,較高,0,0,0,0
22,礁溪鄉,林美村,10002050-011,113Y,245.0,3.0,1.2245,247.0,81.0,32.7935,0.0634,42.5582,A 極高優先,較高,0,0,0,0
23,員山鄉,內城村,10002070-007,113Y,313.0,7.0,2.2364,316.0,39.0,12.3418,0.0525,41.3939,A 極高優先,較高,0,0,0,0
24,宜蘭市,新生里,10002010-024,113Y,617.0,17.0,2.7553,617.0,38.0,6.1588,0.0412,40.7331,A 極高優先,較高,0,0,0,0
25,冬山鄉,清溝村,10002080-018,113Y,834.0,4.0,0.4796,837.0,535.0,63.9188,0.0554,39.801,B 高優先,較高,0,0,0,0
26,礁溪鄉,三民村,10002050-010,113Y,601.0,4.0,0.6656,600.0,236.0,39.3333,0.0512,37.5821,B 高優先,較高,0,0,0,0
27,冬山鄉,順安村,10002080-015,113Y,1130.0,4.0,0.354,1140.0,832.0,72.9825,0.0508,37.404,B 高優先,較高,0,0,0,0
28,羅東鎮,竹林里,10002020-023,113Y,730.0,6.0,0.8219,730.0,159.0,21.7808,0.0423,35.1184,B 高優先,較高,0,0,0,0
29,員山鄉,湖西村,10002070-016,113Y,352.0,3.0,0.8523,352.0,97.0,27.5568,0.0485,34.6895,B 高優先,較高,0,0,0,0
30,冬山鄉,永美村,10002080-016,113Y,653.0,4.0,0.6126,653.0,197.0,30.1685,0.043,33.2657,B 高優先,較高,0,0,0,0
31,三星鄉,集慶村,10002100-007,113Y,322.0,8.0,2.4845,320.0,15.0,4.6875,0.0341,32.4488,B 高優先,較高,0,0,0,0
32,羅東鎮,羅莊里,10002020-007,113Y,576.0,6.0,1.0417,578.0,71.0,12.2837,0.0358,31.6661,B 高優先,較高,0,0,0,0
33,員山鄉,蓁巷村,10002070-006,113Y,288.0,3.0,1.0417,286.0,46.0,16.0839,0.0409,30.7142,B 高優先,較高,0,0,0,0
34,礁溪鄉,白雲村,10002050-001,113Y,348.0,3.0,0.8621,354.0,63.0,17.7966,0.0392,29.7836,B 高優先,較高,0,0,0,0
35,三星鄉,雙賢村,10002100-004,113Y,170.0,3.0,1.7647,173.0,14.0,8.0925,0.0378,29.0557,B 高優先,較高,0,0,0,0
36,三星鄉,義德村,10002100-006,113Y,299.0,6.0,2.0067,300.0,12.0,4.0,0.0283,27.7389,B 高優先,較高,0,0,0,0
37,羅東鎮,南昌里,10002020-008,113Y,565.0,13.0,2.3009,566.0,9.0,1.5901,0.0191,27.4337,B 高優先,較高,0,0,0,0
38,壯圍鄉,吉祥村,10002060-001,113Y,536.0,7.0,1.306,533.0,25.0,4.6904,0.0247,26.7254,B 高優先,較高,0,0,0,0
39,羅東鎮,仁愛里,10002020-024,113Y,726.0,3.0,0.4132,727.0,191.0,26.2724,0.0329,26.5002,B 高優先,較高,0,0,0,0
40,羅東鎮,東安里,10002020-005,113Y,661.0,5.0,0.7564,662.0,59.0,8.9124,0.026,25.4768,B 高優先,較高,0,0,0,0
41,五結鄉,三興村,10002090-001,113Y,471.0,6.0,1.2739,474.0,20.0,4.2194,0.0232,25.0217,B 高優先,較高,0,0,0,0
42,員山鄉,逸仙村,10002070-014,113Y,214.0,3.0,1.4019,217.0,13.0,5.9908,0.029,24.4049,B 高優先,較高,0,0,0,0
43,蘇澳鎮,朝陽里,10002030-026,113Y,201.0,3.0,1.4925,198.0,10.0,5.0505,0.0275,23.6003,B 高優先,較高,0,0,0,0
44,蘇澳鎮,南建里,10002030-023,113Y,312.0,5.0,1.6026,314.0,8.0,2.5478,0.0202,22.4371,B 高優先,較高,0,0,0,0
45,員山鄉,枕山村,10002070-011,113Y,569.0,5.0,0.8787,571.0,18.0,3.1524,0.0166,20.5563,B 高優先,較高,0,0,0,0
46,五結鄉,大吉村,10002090-009,113Y,671.0,5.0,0.7452,669.0,24.0,3.5874,0.0163,20.4013,B 高優先,較高,0,0,0,0
47,礁溪鄉,龍潭村,10002050-016,113Y,680.0,3.0,0.4412,686.0,71.0,10.3499,0.0214,20.387,B 高優先,較高,0,0,0,0
48,蘇澳鎮,聖愛里,10002030-027,113Y,670.0,8.0,1.194,674.0,7.0,1.0386,0.0111,20.3125,B 高優先,較高,0,0,0,0
49,五結鄉,五結村,10002090-008,113Y,779.0,6.0,0.7702,781.0,19.0,2.4328,0.0137,20.0091,B 高優先,較高,0,0,0,0
50,冬山鄉,群英村,10002080-017,113Y,1212.0,4.0,0.33,1214.0,116.0,9.5552,0.0178,19.947,B 高優先,較高,0,0,0,0
51,員山鄉,永和村,10002070-009,113Y,377.0,4.0,1.061,378.0,11.0,2.9101,0.0176,19.8485,B 高優先,較高,0,0,0,0
52,礁溪鄉,大忠村,10002050-004,113Y,560.0,8.0,1.4286,563.0,3.0,0.5329,0.0087,19.0397,B 高優先,較高,0,0,0,0
53,礁溪鄉,玉石村,10002050-002,113Y,500.0,4.0,0.8,502.0,15.0,2.988,0.0155,18.7344,B 高優先,較高,0,0,0,0
54,五結鄉,鎮安村,10002090-003,113Y,577.0,3.0,0.5199,577.0,33.0,5.7192,0.0172,18.2098,B 高優先,較高,0,0,0,0
55,蘇澳鎮,港邊里,10002030-005,113Y,322.0,5.0,1.5528,326.0,3.0,0.9202,0.012,18.0807,B 高優先,較高,0,0,0,0
56,員山鄉,員山村,10002070-001,113Y,1128.0,5.0,0.4433,1132.0,33.0,2.9152,0.0114,17.7711,B 高優先,較高,0,0,0,0
57,南澳鄉,金洋村,10002120-006,113Y,71.0,13.0,18.3099,72.0,0.0,0.0,0.0,17.3364,B 高優先,較高,0,0,0,0
58,蘇澳鎮,南興里,10002030-021,113Y,420.0,13.0,3.0952,421.0,0.0,0.0,0.0,17.3364,B 高優先,較高,0,0,0,0
59,羅東鎮,仁德里,10002020-011,113Y,319.0,13.0,4.0752,319.0,0.0,0.0,0.0,17.3364,B 高優先,較高,0,0,0,0
60,羅東鎮,賢文里,10002020-019,113Y,903.0,13.0,1.4396,904.0,0.0,0.0,0.0,17.3364,B 高優先,較高,0,0,0,0
61,冬山鄉,南興村,10002080-008,113Y,593.0,3.0,0.5059,599.0,28.0,4.6745,0.0154,17.2247,C 中度,較高,0,0,0,0
62,五結鄉,成興村,10002090-014,113Y,640.0,5.0,0.7812,638.0,8.0,1.2539,0.0099,16.9952,C 中度,較高,0,0,0,0
63,蘇澳鎮,龍德里,10002030-001,113Y,719.0,3.0,0.4172,719.0,36.0,5.007,0.0145,16.7368,C 中度,較高,0,0,0,0
64,宜蘭市,西門里,10002010-032,113Y,460.0,11.0,2.3913,465.0,0.0,0.0,0.0,16.3238,C 中度,較高,0,0,0,0
65,羅東鎮,漢民里,10002020-016,113Y,881.0,11.0,1.2486,885.0,0.0,0.0,0.0,16.3238,C 中度,較高,0,0,0,0
66,羅東鎮,國華里,10002020-026,113Y,991.0,7.0,0.7064,992.0,3.0,0.3024,0.0046,16.1,C 中度,較高,0,0,0,0
67,五結鄉,利澤村,10002090-013,113Y,412.0,3.0,0.7282,415.0,10.0,2.4096,0.0132,16.0993,C 中度,較高,0,0,0,0
68,宜蘭市,新東里,10002010-042,113Y,545.0,9.0,1.6514,549.0,0.0,0.0,0.0,15.1261,C 中度,較高,0,0,0,0
69,冬山鄉,廣興村,10002080-021,113Y,639.0,4.0,0.626,638.0,7.0,1.0972,0.0083,14.9475,C 中度,較高,0,0,0,0
70,員山鄉,同樂村,10002070-012,113Y,522.0,3.0,0.5747,527.0,11.0,2.0873,0.011,14.8886,C 中度,較高,0,0,0,0
71,頭城鎮,竹安里,10002040-014,113Y,426.0,8.0,1.8779,428.0,0.0,0.0,0.0,14.434,C 中度,較高,0,0,0,0
72,五結鄉,四結村,10002090-006,113Y,667.0,8.0,1.1994,668.0,0.0,0.0,0.0,14.434,C 中度,較高,0,0,0,0
73,宜蘭市,思源里,10002010-038,113Y,771.0,8.0,1.0376,777.0,0.0,0.0,0.0,14.434,C 中度,較高,0,0,0,0
74,蘇澳鎮,長安里,10002030-014,113Y,146.0,8.0,5.4795,148.0,0.0,0.0,0.0,14.434,C 中度,較高,0,0,0,0
75,壯圍鄉,大福村,10002060-013,113Y,398.0,7.0,1.7588,402.0,0.0,0.0,0.0,13.6602,C 中度,較高,0,0,0,0
76,南澳鄉,南澳村,10002120-001,113Y,202.0,7.0,3.4653,201.0,0.0,0.0,0.0,13.6602,C 中度,較高,0,0,0,0
77,宜蘭市,新民里,10002010-018,113Y,469.0,7.0,1.4925,472.0,0.0,0.0,0.0,13.6602,C 中度,較高,0,0,0,0
78,羅東鎮,維揚里,10002020-027,113Y,694.0,7.0,1.0086,698.0,0.0,0.0,0.0,13.6602,C 中度,較高,0,0,0,0
79,蘇澳鎮,聖湖里,10002030-009,113Y,599.0,7.0,1.1686,601.0,0.0,0.0,0.0,13.6602,C 中度,較高,0,0,0,0
80,宜蘭市,泰山里,10002010-044,113Y,404.0,3.0,0.7426,406.0,4.0,0.9852,0.0086,13.622,C 中度,較高,0,0,0,0
81,羅東鎮,西安里,10002020-017,113Y,650.0,3.0,0.4615,654.0,8.0,1.2232,0.0075,13.0733,C 中度,較高,0,0,0,0
82,宜蘭市,負郭里,10002010-035,113Y,667.0,6.0,0.8996,671.0,0.0,0.0,0.0,12.783,C 中度,較高,0,0,0,0
83,宜蘭市,文化里,10002010-039,113Y,724.0,6.0,0.8287,734.0,0.0,0.0,0.0,12.783,C 中度,較高,0,0,0,0
84,羅東鎮,公正里,10002020-020,113Y,686.0,6.0,0.8746,690.0,0.0,0.0,0.0,12.783,C 中度,較高,0,0,0,0
85,羅東鎮,開明里,10002020-028,113Y,392.0,6.0,1.5306,395.0,0.0,0.0,0.0,12.783,C 中度,較高,0,0,0,0
86,頭城鎮,新建里,10002040-015,113Y,459.0,5.0,1.0893,461.0,0.0,0.0,0.0,11.7704,C 中度,較高,0,0,0,0
87,蘇澳鎮,南強里,10002030-025,113Y,199.0,5.0,2.5126,198.0,0.0,0.0,0.0,11.7704,C 中度,較高,0,0,0,0
88,宜蘭市,菜園里,10002010-022,113Y,318.0,5.0,1.5723,319.0,0.0,0.0,0.0,11.7704,C 中度,較高,0,0,0,0
89,羅東鎮,集祥里,10002020-021,113Y,301.0,5.0,1.6611,304.0,0.0,0.0,0.0,11.7704,C 中度,較高,0,0,0,0
90,羅東鎮,仁和里,10002020-030,113Y,301.0,5.0,1.6611,306.0,0.0,0.0,0.0,11.7704,C 中度,較高,0,0,0,0
91,蘇澳鎮,蘇東里,10002030-013,113Y,107.0,5.0,4.6729,109.0,0.0,0.0,0.0,11.7704,C 中度,較高,0,0,0,0
92,礁溪鄉,二龍村,10002050-007,113Y,281.0,4.0,1.4235,280.0,0.0,0.0,0.0,10.5727,C 中度,較高,0,0,0,0
93,三星鄉,月眉村,10002100-008,113Y,218.0,4.0,1.8349,219.0,0.0,0.0,0.0,10.5727,C 中度,較高,0,0,0,0
94,蘇澳鎮,南安里,10002030-018,113Y,281.0,4.0,1.4235,282.0,0.0,0.0,0.0,10.5727,C 中度,較高,0,0,0,0
95,蘇澳鎮,南正里,10002030-019,113Y,272.0,4.0,1.4706,275.0,0.0,0.0,0.0,10.5727,C 中度,較高,0,0,0,0
96,宜蘭市,神農里,10002010-001,113Y,647.0,4.0,0.6182,649.0,0.0,0.0,0.0,10.5727,C 中度,較高,0,0,0,0
97,羅東鎮,南豪里,10002020-009,113Y,360.0,4.0,1.1111,362.0,0.0,0.0,0.0,10.5727,C 中度,較高,0,0,0,0
98,蘇澳鎮,蘇西里,10002030-010,113Y,611.0,4.0,0.6547,613.0,0.0,0.0,0.0,10.5727,C 中度,較高,0,0,0,0
99,壯圍鄉,東港村,10002060-004,113Y,217.0,3.0,1.3825,217.0,0.0,0.0,0.0,9.1068,C 中度,較高,0,0,0,0
100,壯圍鄉,過嶺村,10002060-006,113Y,342.0,3.0,0.8772,345.0,0.0,0.0,0.0,9.1068,C 中度,較高,0,0,0,0
101,壯圍鄉,永鎮村,10002060-007,113Y,175.0,3.0,1.7143,177.0,0.0,0.0,0.0,9.1068,C 中度,較高,0,0,0,0
102,冬山鄉,冬山村,10002080-009,113Y,193.0,3.0,1.5544,194.0,0.0,0.0,0.0,9.1068,C 中度,較高,0,0,0,0
103,蘇澳鎮,南成里,10002030-020,113Y,314.0,3.0,0.9554,315.0,0.0,0.0,0.0,9.1068,C 中度,較高,0,0,0,0
104,蘇澳鎮,南寧里,10002030-022,113Y,299.0,3.0,1.0033,302.0,0.0,0.0,0.0,9.1068,C 中度,較高,0,0,0,0
105,頭城鎮,大里里,10002040-002,113Y,170.0,3.0,1.7647,170.0,0.0,0.0,0.0,9.1068,C 中度,較高,0,0,0,0
106,頭城鎮,外澳里,10002040-006,113Y,176.0,3.0,1.7045,177.0,0.0,0.0,0.0,9.1068,C 中度,較高,0,0,0,0
107,五結鄉,協和村,10002090-010,113Y,691.0,3.0,0.4342,694.0,0.0,0.0,0.0,9.1068,C 中度,較高,0,0,0,0
108,五結鄉,孝威村,10002090-011,113Y,352.0,3.0,0.8523,354.0,0.0,0.0,0.0,9.1068,C 中度,較高,0,0,0,0
109,宜蘭市,進士里,10002010-008,113Y,558.0,3.0,0.5376,560.0,0.0,0.0,0.0,9.1068,C 中度,較高,0,0,0,0
110,宜蘭市,小東里,10002010-021,113Y,403.0,3.0,0.7444,408.0,0.0,0.0,0.0,9.1068,C 中度,較高,0,0,0,0
111,宜蘭市,北津里,10002010-026,113Y,461.0,3.0,0.6508,461.0,0.0,0.0,0.0,9.1068,C 中度,較高,0,0,0,0
112,宜蘭市,中山里,10002010-031,113Y,258.0,3.0,1.1628,261.0,0.0,0.0,0.0,9.1068,C 中度,較高,0,0,0,0
113,宜蘭市,南門里,10002010-034,113Y,346.0,3.0,0.8671,350.0,0.0,0.0,0.0,9.1068,C 中度,較高,0,0,0,0
114,宜蘭市,中興里,10002010-046,113Y,575.0,3.0,0.5217,578.0,0.0,0.0,0.0,9.1068,C 中度,較高,0,0,0,0
115,羅東鎮,信義里,10002020-022,113Y,695.0,3.0,0.4317,698.0,0.0,0.0,0.0,9.1068,C 中度,較高,0,0,0,0
116,蘇澳鎮,存仁里,10002030-004,113Y,258.0,3.0,1.1628,258.0,0.0,0.0,0.0,9.1068,C 中度,較高,0,0,0,0
117,頭城鎮,城西里,10002040-012,113Y,152.0,0.0,0.0,151.0,0.0,0.0,0.0,0.0,C 中度,較高,0,0,0,0
118,頭城鎮,城南里,10002040-013,113Y,170.0,0.0,0.0,169.0,0.0,0.0,0.0,0.0,C 中度,較高,0,0,0,0
119,頭城鎮,拔雅里,10002040-016,113Y,372.0,0.0,0.0,370.0,43.0,11.6216,0.0,0.0,C 中度,較高,0,0,0,0
120,頭城鎮,福成里,10002040-017,113Y,233.0,0.0,0.0,237.0,219.0,92.4051,0.0,0.0,C 中度,較高,0,0,0,0
121,頭城鎮,金面里,10002040-018,113Y,422.0,0.0,0.0,421.0,241.0,57.2447,0.0,0.0,C 中度,較高,0,0,0,0
122,頭城鎮,金盈里,10002040-019,113Y,157.0,0.0,0.0,158.0,158.0,100.0,0.0,0.0,C 中度,較高,0,0,0,0
123,頭城鎮,頂埔里,10002040-020,113Y,332.0,0.0,0.0,334.0,21.0,6.2874,0.0,0.0,C 中度,較高,0,0,0,0
124,頭城鎮,下埔里,10002040-021,113Y,206.0,0.0,0.0,208.0,164.0,78.8462,0.0,0.0,C 中度,較高,0,0,0,0
125,頭城鎮,中崙里,10002040-022,113Y,240.0,0.0,0.0,242.0,176.0,72.7273,0.0,0.0,C 中度,較高,0,0,0,0
126,頭城鎮,二城里,10002040-023,113Y,253.0,0.0,0.0,257.0,21.0,8.1712,0.0,0.0,C 中度,較高,0,0,0,0
127,頭城鎮,龜山里,10002040-024,113Y,154.0,0.0,0.0,153.0,0.0,0.0,0.0,0.0,C 中度,較高,0,0,0,0
128,礁溪鄉,大義村,10002050-005,113Y,161.0,0.0,0.0,166.0,0.0,0.0,0.0,0.0,C 中度,較高,0,0,0,0
129,礁溪鄉,六結村,10002050-006,113Y,351.0,0.0,0.0,355.0,0.0,0.0,0.0,0.0,C 中度,較高,0,0,0,0
130,礁溪鄉,時潮村,10002050-008,113Y,0.0,0.0,0.0,4.0,4.0,100.0,0.0,0.0,C 中度,較高,0,0,0,0
131,礁溪鄉,玉田村,10002050-009,113Y,468.0,0.0,0.0,471.0,213.0,45.2229,0.0,0.0,C 中度,較高,0,0,0,0
132,礁溪鄉,白鵝村,10002050-012,113Y,186.0,0.0,0.0,189.0,147.0,77.7778,0.0,0.0,C 中度,較高,0,0,0,0
133,礁溪鄉,玉光村,10002050-013,113Y,260.0,0.0,0.0,263.0,163.0,61.9772,0.0,0.0,C 中度,較高,0,0,0,0
134,礁溪鄉,光武村,10002050-014,113Y,272.0,0.0,0.0,276.0,200.0,72.4638,0.0,0.0,C 中度,較高,0,0,0,0
135,礁溪鄉,吳沙村,10002050-015,113Y,595.0,0.0,0.0,597.0,132.0,22.1106,0.0,0.0,C 中度,較高,0,0,0,0
136,礁溪鄉,二結村,10002050-018,113Y,111.0,0.0,0.0,108.0,15.0,13.8889,0.0,0.0,C 中度,較高,0,0,0,0
137,壯圍鄉,美福村,10002060-002,113Y,401.0,0.0,0.0,405.0,143.0,35.3086,0.0,0.0,C 中度,較高,0,0,0,0
138,壯圍鄉,復興村,10002060-005,113Y,357.0,0.0,0.0,364.0,38.0,10.4396,0.0,0.0,C 中度,較高,0,0,0,0
139,壯圍鄉,忠孝村,10002060-008,113Y,479.0,0.0,0.0,485.0,233.0,48.0412,0.0,0.0,C 中度,較高,0,0,0,0
140,壯圍鄉,古亭村,10002060-009,113Y,341.0,0.0,0.0,345.0,162.0,46.9565,0.0,0.0,C 中度,較高,0,0,0,0
141,壯圍鄉,美城村,10002060-011,113Y,515.0,0.0,0.0,520.0,93.0,17.8846,0.0,0.0,C 中度,較高,0,0,0,0
142,壯圍鄉,新社村,10002060-012,113Y,273.0,0.0,0.0,275.0,81.0,29.4545,0.0,0.0,C 中度,較高,0,0,0,0
143,壯圍鄉,古結村,10002060-014,113Y,221.0,0.0,0.0,222.0,61.0,27.4775,0.0,0.0,C 中度,較高,0,0,0,0
144,員山鄉,尚德村,10002070-002,113Y,478.0,0.0,0.0,481.0,75.0,15.5925,0.0,0.0,C 中度,較高,0,0,0,0
145,員山鄉,惠好村,10002070-003,113Y,362.0,0.0,0.0,362.0,120.0,33.1492,0.0,0.0,C 中度,較高,0,0,0,0
146,員山鄉,七賢村,10002070-004,113Y,245.0,0.0,0.0,240.0,35.0,14.5833,0.0,0.0,C 中度,較高,0,0,0,0
147,員山鄉,深溝村,10002070-005,113Y,405.0,0.0,0.0,406.0,55.0,13.5468,0.0,0.0,C 中度,較高,0,0,0,0
148,員山鄉,頭分村,10002070-010,113Y,227.0,0.0,0.0,232.0,22.0,9.4828,0.0,0.0,C 中度,較高,0,0,0,0
149,員山鄉,湖東村,10002070-013,113Y,196.0,0.0,0.0,199.0,45.0,22.6131,0.0,0.0,C 中度,較高,0,0,0,0
150,員山鄉,湖北村,10002070-015,113Y,245.0,0.0,0.0,250.0,3.0,1.2,0.0,0.0,C 中度,較高,0,0,0,0
151,冬山鄉,珍珠村,10002080-002,113Y,344.0,0.0,0.0,346.0,184.0,53.1792,0.0,0.0,C 中度,較高,0,0,0,0
152,冬山鄉,補城村,10002080-003,113Y,235.0,0.0,0.0,236.0,236.0,100.0,0.0,0.0,C 中度,較高,0,0,0,0
153,冬山鄉,三奇村,10002080-004,113Y,200.0,0.0,0.0,199.0,129.0,64.8241,0.0,0.0,C 中度,較高,0,0,0,0
154,冬山鄉,大興村,10002080-005,113Y,235.0,0.0,0.0,235.0,235.0,100.0,0.0,0.0,C 中度,較高,0,0,0,0
155,冬山鄉,東城村,10002080-006,113Y,325.0,0.0,0.0,324.0,108.0,33.3333,0.0,0.0,C 中度,較高,0,0,0,0
156,冬山鄉,香和村,10002080-007,113Y,543.0,0.0,0.0,547.0,88.0,16.0878,0.0,0.0,C 中度,較高,0,0,0,0
157,冬山鄉,安平村,10002080-010,113Y,171.0,0.0,0.0,173.0,110.0,63.5838,0.0,0.0,C 中度,較高,0,0,0,0
158,五結鄉,錦眾村,10002090-012,113Y,356.0,0.0,0.0,354.0,19.0,5.3672,0.0,0.0,C 中度,較高,0,0,0,0
159,五結鄉,季新村,10002090-015,113Y,590.0,0.0,0.0,598.0,0.0,0.0,0.0,0.0,C 中度,較高,0,0,0,0
160,三星鄉,員山村,10002100-001,113Y,4.0,0.0,0.0,0.0,0.0,0.0,0.0,0.0,C 中度,較高,0,0,0,0
161,三星鄉,天福村,10002100-003,113Y,201.0,0.0,0.0,204.0,26.0,12.7451,0.0,0.0,C 中度,較高,0,0,0,0
162,三星鄉,人和村,10002100-005,113Y,120.0,0.0,0.0,119.0,109.0,91.5966,0.0,0.0,C 中度,較高,0,0,0,0
163,三星鄉,萬德村,10002100-012,113Y,150.0,0.0,0.0,150.0,29.0,19.3333,0.0,0.0,C 中度,較高,0,0,0,0
164,三星鄉,貴林村,10002100-013,113Y,112.0,0.0,0.0,116.0,63.0,54.3103,0.0,0.0,C 中度,較高,0,0,0,0
165,三星鄉,萬富村,10002100-014,113Y,212.0,0.0,0.0,213.0,25.0,11.7371,0.0,0.0,C 中度,較高,0,0,0,0
166,三星鄉,大洲村,10002100-017,113Y,377.0,0.0,0.0,380.0,14.0,3.6842,0.0,0.0,C 中度,較高,0,0,0,0
167,三星鄉,尾塹村,10002100-018,113Y,327.0,0.0,0.0,327.0,52.0,15.9021,0.0,0.0,C 中度,較高,0,0,0,0
168,大同鄉,崙埤村,10002110-002,113Y,75.0,0.0,0.0,76.0,25.0,32.8947,0.0,0.0,C 中度,較高,0,0,0,0
169,大同鄉,松羅村,10002110-003,113Y,109.0,0.0,0.0,113.0,16.0,14.1593,0.0,0.0,C 中度,較高,0,0,0,0
170,大同鄉,復興村,10002110-004,113Y,60.0,0.0,0.0,62.0,27.0,43.5484,0.0,0.0,C 中度,較高,0,0,0,0
171,大同鄉,樂水村,10002110-006,113Y,57.0,0.0,0.0,57.0,0.0,0.0,0.0,0.0,C 中度,較高,0,0,0,0
172,大同鄉,太平村,10002110-007,113Y,10.0,0.0,0.0,8.0,0.0,0.0,0.0,0.0,C 中度,較高,0,0,0,0
173,大同鄉,四季村,10002110-008,113Y,125.0,0.0,0.0,129.0,23.0,17.8295,0.0,0.0,C 中度,較高,0,0,0,0
174,大同鄉,南山村,10002110-009,113Y,75.0,0.0,0.0,74.0,6.0,8.1081,0.0,0.0,C 中度,較高,0,0,0,0
175,大同鄉,茂安村,10002110-010,113Y,28.0,0.0,0.0,28.0,0.0,0.0,0.0,0.0,C 中度,較高,0,0,0,0
176,南澳鄉,碧候村,10002120-002,113Y,141.0,0.0,0.0,144.0,6.0,4.1667,0.0,0.0,C 中度,較高,0,0,0,0
177,南澳鄉,金岳村,10002120-004,113Y,57.0,0.0,0.0,60.0,15.0,25.0,0.0,0.0,C 中度,較高,0,0,0,0
178,南澳鄉,武塔村,10002120-005,113Y,86.0,0.0,0.0,88.0,15.0,17.0455,0.0,0.0,C 中度,較高,0,0,0,0
179,蘇澳鎮,永光里,10002030-015,113Y,116.0,0.0,0.0,117.0,0.0,0.0,0.0,0.0,C 中度,較高,0,0,0,0
180,蘇澳鎮,永樂里,10002030-017,113Y,96.0,0.0,0.0,100.0,6.0,6.0,0.0,0.0,C 中度,較高,0,0,0,0
181,蘇澳鎮,東澳里,10002030-024,113Y,90.0,0.0,0.0,90.0,0.0,0.0,0.0,0.0,C 中度,較高,0,0,0,0
182,頭城鎮,石城里,10002040-001,113Y,82.0,0.0,0.0,83.0,0.0,0.0,0.0,0.0,C 中度,較高,0,0,0,0
183,頭城鎮,大溪里,10002040-003,113Y,178.0,0.0,0.0,181.0,8.0,4.4199,0.0,0.0,C 中度,較高,0,0,0,0
184,頭城鎮,合興里,10002040-004,113Y,78.0,0.0,0.0,81.0,0.0,0.0,0.0,0.0,C 中度,較高,0,0,0,0
185,頭城鎮,港口里,10002040-007,113Y,153.0,0.0,0.0,155.0,0.0,0.0,0.0,0.0,C 中度,較高,0,0,0,0
186,頭城鎮,武營里,10002040-008,113Y,342.0,0.0,0.0,346.0,0.0,0.0,0.0,0.0,C 中度,較高,0,0,0,0
187,頭城鎮,大坑里,10002040-009,113Y,261.0,0.0,0.0,263.0,0.0,0.0,0.0,0.0,C 中度,較高,0,0,0,0
188,頭城鎮,城東里,10002040-010,113Y,217.0,0.0,0.0,222.0,0.0,0.0,0.0,0.0,C 中度,較高,0,0,0,0
189,頭城鎮,城北里,10002040-011,113Y,117.0,0.0,0.0,119.0,0.0,0.0,0.0,0.0,C 中度,較高,0,0,0,0
190,冬山鄉,八寶村,10002080-012,113Y,180.0,0.0,0.0,182.0,175.0,96.1538,0.0,0.0,C 中度,較高,0,0,0,0
191,冬山鄉,丸山村,10002080-013,113Y,318.0,0.0,0.0,317.0,272.0,85.8044,0.0,0.0,C 中度,較高,0,0,0,0
192,冬山鄉,中山村,10002080-014,113Y,130.0,0.0,0.0,129.0,32.0,24.8062,0.0,0.0,C 中度,較高,0,0,0,0
193,冬山鄉,鹿埔村,10002080-019,113Y,558.0,0.0,0.0,560.0,444.0,79.2857,0.0,0.0,C 中度,較高,0,0,0,0
194,冬山鄉,得安村,10002080-020,113Y,247.0,0.0,0.0,250.0,9.0,3.6,0.0,0.0,C 中度,較高,0,0,0,0
195,冬山鄉,廣安村,10002080-022,113Y,355.0,0.0,0.0,353.0,93.0,26.3456,0.0,0.0,C 中度,較高,0,0,0,0
196,冬山鄉,柯林村,10002080-023,113Y,372.0,0.0,0.0,375.0,260.0,69.3333,0.0,0.0,C 中度,較高,0,0,0,0
197,五結鄉,二結村,10002090-002,113Y,445.0,0.0,0.0,449.0,0.0,0.0,0.0,0.0,C 中度,較高,0,0,0,0
198,五結鄉,上四村,10002090-004,113Y,413.0,0.0,0.0,417.0,0.0,0.0,0.0,0.0,C 中度,較高,0,0,0,0
199,五結鄉,中興村,10002090-005,113Y,290.0,0.0,0.0,293.0,25.0,8.5324,0.0,0.0,C 中度,較高,0,0,0,0
200,五結鄉,福興村,10002090-007,113Y,427.0,0.0,0.0,430.0,21.0,4.8837,0.0,0.0,C 中度,較高,0,0,0,0
201,宜蘭市,民權里,10002010-002,113Y,403.0,0.0,0.0,409.0,0.0,0.0,0.0,0.0,C 中度,較高,0,0,0,0
202,宜蘭市,南橋里,10002010-009,113Y,283.0,0.0,0.0,282.0,30.0,10.6383,0.0,0.0,C 中度,較高,0,0,0,0
203,宜蘭市,建業里,10002010-010,113Y,411.0,0.0,0.0,409.0,17.0,4.1565,0.0,0.0,C 中度,較高,0,0,0,0
204,宜蘭市,南津里,10002010-011,113Y,454.0,0.0,0.0,458.0,0.0,0.0,0.0,0.0,C 中度,較高,0,0,0,0
205,宜蘭市,凱旋里,10002010-012,113Y,249.0,0.0,0.0,243.0,26.0,10.6996,0.0,0.0,C 中度,較高,0,0,0,0
206,宜蘭市,黎明里,10002010-013,113Y,366.0,0.0,0.0,363.0,200.0,55.0964,0.0,0.0,C 中度,較高,0,0,0,0
207,宜蘭市,東村里,10002010-014,113Y,390.0,0.0,0.0,390.0,18.0,4.6154,0.0,0.0,C 中度,較高,0,0,0,0
208,宜蘭市,延平里,10002010-015,113Y,507.0,0.0,0.0,506.0,0.0,0.0,0.0,0.0,C 中度,較高,0,0,0,0
209,宜蘭市,七張里,10002010-016,113Y,297.0,0.0,0.0,298.0,16.0,5.3691,0.0,0.0,C 中度,較高,0,0,0,0
210,宜蘭市,慈安里,10002010-017,113Y,273.0,0.0,0.0,275.0,0.0,0.0,0.0,0.0,C 中度,較高,0,0,0,0
211,宜蘭市,東門里,10002010-019,113Y,283.0,0.0,0.0,288.0,0.0,0.0,0.0,0.0,C 中度,較高,0,0,0,0
212,宜蘭市,孝廉里,10002010-023,113Y,288.0,0.0,0.0,293.0,0.0,0.0,0.0,0.0,C 中度,較高,0,0,0,0
213,宜蘭市,茭白里,10002010-025,113Y,389.0,0.0,0.0,391.0,12.0,3.0691,0.0,0.0,C 中度,較高,0,0,0,0
214,宜蘭市,梅洲里,10002010-027,113Y,610.0,0.0,0.0,612.0,115.0,18.7908,0.0,0.0,C 中度,較高,0,0,0,0
215,宜蘭市,北門里,10002010-028,113Y,258.0,0.0,0.0,261.0,0.0,0.0,0.0,0.0,C 中度,較高,0,0,0,0
216,宜蘭市,民族里,10002010-036,113Y,579.0,0.0,0.0,580.0,0.0,0.0,0.0,0.0,C 中度,較高,0,0,0,0
217,宜蘭市,建軍里,10002010-037,113Y,364.0,0.0,0.0,367.0,0.0,0.0,0.0,0.0,C 中度,較高,0,0,0,0
218,宜蘭市,復興里,10002010-040,113Y,711.0,0.0,0.0,714.0,0.0,0.0,0.0,0.0,C 中度,較高,0,0,0,0
219,宜蘭市,成功里,10002010-041,113Y,492.0,0.0,0.0,495.0,0.0,0.0,0.0,0.0,C 中度,較高,0,0,0,0
220,宜蘭市,七結里,10002010-043,113Y,514.0,0.0,0.0,516.0,0.0,0.0,0.0,0.0,C 中度,較高,0,0,0,0
221,宜蘭市,大新里,10002010-045,113Y,209.0,0.0,0.0,209.0,0.0,0.0,0.0,0.0,C 中度,較高,0,0,0,0
222,宜蘭市,擺厘里,10002010-047,113Y,682.0,0.0,0.0,690.0,0.0,0.0,0.0,0.0,C 中度,較高,0,0,0,0
223,羅東鎮,大新里,10002020-004,113Y,357.0,0.0,0.0,359.0,0.0,0.0,0.0,0.0,C 中度,較高,0,0,0,0
224,羅東鎮,新群里,10002020-006,113Y,535.0,0.0,0.0,537.0,482.0,89.7579,0.0,0.0,C 中度,較高,0,0,0,0
225,羅東鎮,成功里,10002020-010,113Y,370.0,0.0,0.0,372.0,0.0,0.0,0.0,0.0,C 中度,較高,0,0,0,0
226,羅東鎮,樹林里,10002020-025,113Y,800.0,0.0,0.0,803.0,4.0,0.4981,0.0,0.0,C 中度,較高,0,0,0,0
227,羅東鎮,中山里,10002020-029,113Y,429.0,0.0,0.0,434.0,0.0,0.0,0.0,0.0,C 中度,較高,0,0,0,0
228,蘇澳鎮,頂寮里,10002030-002,113Y,187.0,0.0,0.0,187.0,0.0,0.0,0.0,0.0,C 中度,較高,0,0,0,0
229,蘇澳鎮,永榮里,10002030-003,113Y,766.0,0.0,0.0,767.0,0.0,0.0,0.0,0.0,C 中度,較高,0,0,0,0
230,蘇澳鎮,隘丁里,10002030-007,113Y,600.0,0.0,0.0,603.0,0.0,0.0,0.0,0.0,C 中度,較高,0,0,0,0
231,蘇澳鎮,新城里,10002030-008,113Y,305.0,0.0,0.0,307.0,32.0,10.4235,0.0,0.0,C 中度,較高,0,0,0,0
232,蘇澳鎮,蘇北里,10002030-011,113Y,270.0,0.0,0.0,270.0,0.0,0.0,0.0,0.0,C 中度,較高,0,0,0,0
233,蘇澳鎮,蘇南里,10002030-012,113Y,131.0,0.0,0.0,132.0,0.0,0.0,0.0,0.0,C 中度,較高,0,0,0,0
