facility_id,facility_name,facility_type,facility_source,longitude,latitude,source_month,location_note,easting_epsg3826,northing_epsg3826,image_pixel_x,image_pixel_y,image_coverage,liquefaction_2026_map_class,pixel_class_status,nearest_medium_high_m,nearest_medium_high_class,within_300m_medium_or_high,liquefaction_screening_note,sampled_rgb_class_pixels_5x5
100,宜蘭縣礁溪鄉玉田國民小學,學校,,121.790504757799,24.795969093372893,202408,官方校地範圍代表點，非校門或單一校舍點位,329926.47,2743410.29,4363,2937,圖面範圍內,高潛勢（PL≥15）,清楚,12.1,高潛勢（PL≥15）,True,直接落在中／高潛勢圖色,"{""低潛勢（PL<5）"": 0, ""中潛勢（5≤PL≤15）"": 0, ""高潛勢（PL≥15）"": 4}"
101,宜蘭縣礁溪鄉龍潭國民小學,學校,,121.74470681599331,24.779890757114746,202406,官方校地範圍代表點，非校門或單一校舍點位,325305.45,2741603.35,3601,3235,圖面範圍內,中潛勢（5≤PL≤15）,清楚,0.0,中潛勢（5≤PL≤15）,True,直接落在中／高潛勢圖色,"{""低潛勢（PL<5）"": 0, ""中潛勢（5≤PL≤15）"": 19, ""高潛勢（PL≥15）"": 0}"
103,宜蘭縣礁溪鄉礁溪國民小學,學校,,121.76837140674677,24.82180558992952,202406,官方校地範圍代表點，非校門或單一校舍點位,327672.41,2746259.31,3991,2467,圖面範圍內,低潛勢（PL<5）,清楚,236.5,中潛勢（5≤PL≤15）,True,距中／高潛勢圖色 236.5 公尺（≤300公尺）,"{""低潛勢（PL<5）"": 25, ""中潛勢（5≤PL≤15）"": 0, ""高潛勢（PL≥15）"": 0}"
104,宜蘭縣羅東鎮公正國民小學,學校,,121.76637184458144,24.678582089517544,202206,官方校地範圍代表點，非校門或單一校舍點位,327559.12,2730394.08,3973,5084,圖面範圍內,高潛勢（PL≥15）,清楚,12.1,高潛勢（PL≥15）,True,直接落在中／高潛勢圖色,"{""低潛勢（PL<5）"": 0, ""中潛勢（5≤PL≤15）"": 0, ""高潛勢（PL≥15）"": 4}"
105,宜蘭縣羅東鎮北成國民小學,學校,,121.75820158969985,24.674656153773263,202406,官方校地範圍代表點，非校門或單一校舍點位,326734.63,2729954.64,3837,5157,圖面範圍內,中潛勢（5≤PL≤15）,清楚,0.0,中潛勢（5≤PL≤15）,True,直接落在中／高潛勢圖色,"{""低潛勢（PL<5）"": 0, ""中潛勢（5≤PL≤15）"": 25, ""高潛勢（PL≥15）"": 0}"
106,宜蘭縣羅東鎮成功國民小學,學校,,121.76904557782437,24.67141433408012,202406,官方校地範圍代表點，非校門或單一校舍點位,327834.17,2729601.67,4018,5215,圖面範圍內,高潛勢（PL≥15）,清楚,0.0,高潛勢（PL≥15）,True,直接落在中／高潛勢圖色,"{""低潛勢（PL<5）"": 0, ""中潛勢（5≤PL≤15）"": 0, ""高潛勢（PL≥15）"": 25}"
107,宜蘭縣羅東鎮竹林國民小學,學校,,121.76675129106465,24.688719009148762,202206,官方校地範圍代表點，非校門或單一校舍點位,327591.24,2731517.1,3978,4899,圖面範圍內,高潛勢（PL≥15）,清楚,0.0,高潛勢（PL≥15）,True,直接落在中／高潛勢圖色,"{""低潛勢（PL<5）"": 0, ""中潛勢（5≤PL≤15）"": 0, ""高潛勢（PL≥15）"": 22}"
108,宜蘭縣羅東鎮羅東國民小學,學校,,121.7725911398541,24.672808305048832,202406,官方校地範圍代表點，非校門或單一校舍點位,328192.15,2729758.09,4077,5189,圖面範圍內,高潛勢（PL≥15）,清楚,12.1,高潛勢（PL≥15）,True,直接落在中／高潛勢圖色,"{""低潛勢（PL<5）"": 0, ""中潛勢（5≤PL≤15）"": 0, ""高潛勢（PL≥15）"": 4}"
111,宜蘭縣蘇澳鎮育英國民小學,學校,,121.8337872027456,24.640440462795386,202405,官方校地範圍代表點，非校門或單一校舍點位,334407.71,2726209.13,5102,5774,圖面範圍內,高潛勢（PL≥15）,清楚,0.0,高潛勢（PL≥15）,True,直接落在中／高潛勢圖色,"{""低潛勢（PL<5）"": 0, ""中潛勢（5≤PL≤15）"": 0, ""高潛勢（PL≥15）"": 25}"
113,宜蘭縣蘇澳鎮馬賽國民小學,學校,,121.83520148024866,24.621913960580905,202405,官方校地範圍代表點，非校門或單一校舍點位,334563.36,2724157.93,5128,6113,圖面範圍內,低潛勢（PL<5）,清楚,74.0,中潛勢（5≤PL≤15）,True,距中／高潛勢圖色 74.0 公尺（≤300公尺）,"{""低潛勢（PL<5）"": 25, ""中潛勢（5≤PL≤15）"": 0, ""高潛勢（PL≥15）"": 0}"
118,國立宜蘭大學,學校,,121.7459511283663,24.74637711853619,202207,官方校地範圍代表點，非校門或單一校舍點位,325451.53,2737891.92,3625,3847,圖面範圍內,高潛勢（PL≥15）,清楚,0.0,高潛勢（PL≥15）,True,直接落在中／高潛勢圖色,"{""低潛勢（PL<5）"": 0, ""中潛勢（5≤PL≤15）"": 0, ""高潛勢（PL≥15）"": 25}"
119,國立宜蘭大學五結校區,學校,,121.8330611166287,24.66880865597118,202405,官方校地範圍代表點，非校門或單一校舍點位,334315.14,2729350.87,5087,5256,圖面範圍內,高潛勢（PL≥15）,清楚,0.0,高潛勢（PL≥15）,True,直接落在中／高潛勢圖色,"{""低潛勢（PL<5）"": 0, ""中潛勢（5≤PL≤15）"": 0, ""高潛勢（PL≥15）"": 25}"
120,國立宜蘭大學城南校區,學校,,121.74948782924533,24.729121035076307,202409,官方校地範圍代表點，非校門或單一校舍點位,325819.73,2735982.52,3686,4162,圖面範圍內,高潛勢（PL≥15）,清楚,0.0,高潛勢（PL≥15）,True,直接落在中／高潛勢圖色,"{""低潛勢（PL<5）"": 0, ""中潛勢（5≤PL≤15）"": 0, ""高潛勢（PL≥15）"": 25}"
121,國立宜蘭大學城南校區1,學校,,121.74332276882896,24.729585871685035,202409,官方校地範圍代表點，非校門或單一校舍點位,325195.76,2736030.61,3583,4154,圖面範圍內,高潛勢（PL≥15）,清楚,0.0,高潛勢（PL≥15）,True,直接落在中／高潛勢圖色,"{""低潛勢（PL<5）"": 0, ""中潛勢（5≤PL≤15）"": 0, ""高潛勢（PL≥15）"": 20}"
122,國立宜蘭特殊教育學校,學校,,121.79464942794498,24.693713689569424,202206,官方校地範圍代表點，非校門或單一校舍點位,330411.3,2732086.4,4443,4805,圖面範圍內,高潛勢（PL≥15）,清楚,0.0,高潛勢（PL≥15）,True,直接落在中／高潛勢圖色,"{""低潛勢（PL<5）"": 0, ""中潛勢（5≤PL≤15）"": 0, ""高潛勢（PL≥15）"": 25}"
123,國立宜蘭高級中學,學校,,121.74255553268168,24.75166543271012,202207,官方校地範圍代表點，非校門或單一校舍點位,325104.88,2738475.81,3568,3751,圖面範圍內,高潛勢（PL≥15）,清楚,0.0,高潛勢（PL≥15）,True,直接落在中／高潛勢圖色,"{""低潛勢（PL<5）"": 0, ""中潛勢（5≤PL≤15）"": 0, ""高潛勢（PL≥15）"": 20}"
124,國立宜蘭高級商業職業學校,學校,,121.76559128220406,24.754323701005564,202406,官方校地範圍代表點，非校門或單一校舍點位,327433.24,2738783.09,3952,3700,圖面範圍內,高潛勢（PL≥15）,清楚,0.0,高潛勢（PL≥15）,True,直接落在中／高潛勢圖色,"{""低潛勢（PL<5）"": 0, ""中潛勢（5≤PL≤15）"": 0, ""高潛勢（PL≥15）"": 25}"
125,國立頭城高級家事商業職業學校,學校,,121.81619347664046,24.851617113430883,202405,官方校地範圍代表點，非校門或單一校舍點位,332487.05,2749589.5,4785,1918,圖面範圍內,高潛勢（PL≥15）,清楚,0.0,高潛勢（PL≥15）,True,直接落在中／高潛勢圖色,"{""低潛勢（PL<5）"": 0, ""中潛勢（5≤PL≤15）"": 0, ""高潛勢（PL≥15）"": 15}"
126,國立羅東高級工業職業學校,學校,,121.75103446907711,24.669713623703895,202406,官方校地範圍代表點，非校門或單一校舍點位,326012.24,2729403.2,3717,5248,圖面範圍內,圖上無可判讀潛勢色塊,無法判讀,42.4,中潛勢（5≤PL≤15）,True,距中／高潛勢圖色 42.4 公尺（≤300公尺）,"{""低潛勢（PL<5）"": 0, ""中潛勢（5≤PL≤15）"": 0, ""高潛勢（PL≥15）"": 0}"
127,國立羅東高級中學,學校,,121.76271728621889,24.682208119459922,202406,官方校地範圍代表點，非校門或單一校舍點位,327187.02,2730793.65,3911,5018,圖面範圍內,高潛勢（PL≥15）,清楚,0.0,高潛勢（PL≥15）,True,直接落在中／高潛勢圖色,"{""低潛勢（PL<5）"": 0, ""中潛勢（5≤PL≤15）"": 0, ""高潛勢（PL≥15）"": 25}"
128,國立羅東高級商業職業學校,學校,,121.75634797233594,24.67350149968654,202206,官方校地範圍代表點，非校門或單一校舍點位,326547.73,2729825.71,3806,5178,圖面範圍內,高潛勢（PL≥15）,清楚,0.0,高潛勢（PL≥15）,True,直接落在中／高潛勢圖色,"{""低潛勢（PL<5）"": 0, ""中潛勢（5≤PL≤15）"": 0, ""高潛勢（PL≥15）"": 15}"
130,國立蘭陽女子高級中學,學校,,121.7535350391615,24.74490609614899,201510,官方校地範圍代表點，非校門或單一校舍點位,326219.55,2737733.19,3752,3874,圖面範圍內,高潛勢（PL≥15）,清楚,0.0,高潛勢（PL≥15）,True,直接落在中／高潛勢圖色,"{""低潛勢（PL<5）"": 0, ""中潛勢（5≤PL≤15）"": 0, ""高潛勢（PL≥15）"": 25}"
133,聖母醫護管理專科學校羅東校區,學校,,121.77288945439703,24.67084411261409,202508,官方校地範圍代表點，非校門或單一校舍點位,328223.57,2729540.7,4082,5225,圖面範圍內,高潛勢（PL≥15）,清楚,0.0,高潛勢（PL≥15）,True,直接落在中／高潛勢圖色,"{""低潛勢（PL<5）"": 0, ""中潛勢（5≤PL≤15）"": 0, ""高潛勢（PL≥15）"": 25}"
17,宜蘭縣五結鄉中興國民小學,學校,,121.77243211851325,24.692058817713185,201901,官方校地範圍代表點，非校門或單一校舍點位,328164.05,2731890.25,4072,4837,圖面範圍內,高潛勢（PL≥15）,清楚,6.1,高潛勢（PL≥15）,True,直接落在中／高潛勢圖色,"{""低潛勢（PL<5）"": 0, ""中潛勢（5≤PL≤15）"": 0, ""高潛勢（PL≥15）"": 10}"
18,宜蘭縣五結鄉五結國民小學,學校,,121.79921696956153,24.687224838186243,202405,官方校地範圍代表點，非校門或單一校舍點位,330877.7,2731370.35,4520,4923,圖面範圍內,高潛勢（PL≥15）,清楚,0.0,高潛勢（PL≥15）,True,直接落在中／高潛勢圖色,"{""低潛勢（PL<5）"": 0, ""中潛勢（5≤PL≤15）"": 0, ""高潛勢（PL≥15）"": 24}"
19,宜蘭縣五結鄉利澤國民小學,學校,,121.82735247539449,24.66489259916699,201901,官方校地範圍代表點，非校門或單一校舍點位,333739.95,2728913.61,4992,5328,圖面範圍內,高潛勢（PL≥15）,清楚,0.0,高潛勢（PL≥15）,True,直接落在中／高潛勢圖色,"{""低潛勢（PL<5）"": 0, ""中潛勢（5≤PL≤15）"": 0, ""高潛勢（PL≥15）"": 25}"
2,佛光大學宜蘭城區部,學校,,121.75369132958042,24.762293141103974,202508,官方校地範圍代表點，非校門或單一校舍點位,326224.75,2739659.14,3752,3556,圖面範圍內,高潛勢（PL≥15）,清楚,0.0,高潛勢（PL≥15）,True,直接落在中／高潛勢圖色,"{""低潛勢（PL<5）"": 0, ""中潛勢（5≤PL≤15）"": 0, ""高潛勢（PL≥15）"": 23}"
20,宜蘭縣五結鄉孝威國民小學,學校,,121.81198881818808,24.696635193471714,202405,官方校地範圍代表點，非校門或單一校舍點位,332164.05,2732420.28,4732,4750,圖面範圍內,高潛勢（PL≥15）,清楚,6.1,高潛勢（PL≥15）,True,直接落在中／高潛勢圖色,"{""低潛勢（PL<5）"": 0, ""中潛勢（5≤PL≤15）"": 0, ""高潛勢（PL≥15）"": 12}"
21,宜蘭縣五結鄉學進國民小學,學校,,121.77037808005905,24.706697413187754,202406,官方校地範圍代表點，非校門或單一校舍點位,327947.08,2733510.51,4037,4570,圖面範圍內,中潛勢（5≤PL≤15）,清楚,0.0,中潛勢（5≤PL≤15）,True,直接落在中／高潛勢圖色,"{""低潛勢（PL<5）"": 0, ""中潛勢（5≤PL≤15）"": 25, ""高潛勢（PL≥15）"": 0}"
24,宜蘭縣冬山鄉東興國民小學,學校,,121.80692552948578,24.628664350296493,202405,官方校地範圍代表點，非校門或單一校舍點位,331695.93,2724888.53,4655,5992,圖面範圍內,圖上無可判讀潛勢色塊,無法判讀,30.9,中潛勢（5≤PL≤15）,True,距中／高潛勢圖色 30.9 公尺（≤300公尺）,"{""低潛勢（PL<5）"": 0, ""中潛勢（5≤PL≤15）"": 0, ""高潛勢（PL≥15）"": 0}"
25,宜蘭縣冬山鄉武淵國民小學,學校,,121.79855622061164,24.661825336123133,202405,官方校地範圍代表點，非校門或單一校舍點位,330827.21,2728556.61,4512,5387,圖面範圍內,中潛勢（5≤PL≤15）,清楚,12.1,中潛勢（5≤PL≤15）,True,直接落在中／高潛勢圖色,"{""低潛勢（PL<5）"": 0, ""中潛勢（5≤PL≤15）"": 4, ""高潛勢（PL≥15）"": 0}"
26,宜蘭縣冬山鄉柯林國民小學,學校,,121.73161596879308,24.676541538906474,202206,官方校地範圍代表點，非校門或單一校舍點位,324042.79,2730148.87,3393,5125,圖面範圍內,中潛勢（5≤PL≤15）,清楚,0.0,中潛勢（5≤PL≤15）,True,直接落在中／高潛勢圖色,"{""低潛勢（PL<5）"": 0, ""中潛勢（5≤PL≤15）"": 25, ""高潛勢（PL≥15）"": 0}"
27,宜蘭縣冬山鄉清溝國民小學,學校,,121.76408228555199,24.6636479795918,202206,官方校地範圍代表點，非校門或單一校舍點位,327336.61,2728738.64,3936,5357,圖面範圍內,高潛勢（PL≥15）,清楚,0.0,高潛勢（PL≥15）,True,直接落在中／高潛勢圖色,"{""低潛勢（PL<5）"": 0, ""中潛勢（5≤PL≤15）"": 0, ""高潛勢（PL≥15）"": 25}"
28,宜蘭縣冬山鄉順安國民小學,學校,,121.76295425090957,24.65411738170016,202406,官方校地範圍代表點，非校門或單一校舍點位,327228.29,2727682.36,3918,5531,圖面範圍內,高潛勢（PL≥15）,清楚,0.0,高潛勢（PL≥15）,True,直接落在中／高潛勢圖色,"{""低潛勢（PL<5）"": 0, ""中潛勢（5≤PL≤15）"": 0, ""高潛勢（PL≥15）"": 25}"
31,宜蘭縣立人文國民中小學,學校,,121.81942301619942,24.859914246395793,202405,官方校地範圍代表點，非校門或單一校舍點位,332807.93,2750510.51,4838,1766,圖面範圍內,低潛勢（PL<5）,清楚,115.2,中潛勢（5≤PL≤15）,True,距中／高潛勢圖色 115.2 公尺（≤300公尺）,"{""低潛勢（PL<5）"": 25, ""中潛勢（5≤PL≤15）"": 0, ""高潛勢（PL≥15）"": 0}"
36,宜蘭縣立中華國民中學,學校,,121.7670106813222,24.749795187737483,202207,官方校地範圍代表點，非校門或單一校舍點位,327579.62,2738282.3,3976,3783,圖面範圍內,高潛勢（PL≥15）,清楚,0.0,高潛勢（PL≥15）,True,直接落在中／高潛勢圖色,"{""低潛勢（PL<5）"": 0, ""中潛勢（5≤PL≤15）"": 0, ""高潛勢（PL≥15）"": 25}"
37,宜蘭縣立五結國民中學,學校,,121.80064886580848,24.696696153751418,202206,官方校地範圍代表點，非校門或單一校舍點位,331016.49,2732420.28,4543,4750,圖面範圍內,高潛勢（PL≥15）,清楚,0.0,高潛勢（PL≥15）,True,直接落在中／高潛勢圖色,"{""低潛勢（PL<5）"": 0, ""中潛勢（5≤PL≤15）"": 0, ""高潛勢（PL≥15）"": 25}"
39,宜蘭縣立文化國民中學,學校,,121.83317696909225,24.618725895529977,202405,官方校地範圍代表點，非校門或單一校舍點位,334360.51,2723803.56,5094,6171,圖面範圍內,低潛勢（PL<5）,清楚,248.7,中潛勢（5≤PL≤15）,True,距中／高潛勢圖色 248.7 公尺（≤300公尺）,"{""低潛勢（PL<5）"": 25, ""中潛勢（5≤PL≤15）"": 0, ""高潛勢（PL≥15）"": 0}"
40,宜蘭縣立冬山國民中學,學校,,121.79234390697304,24.63185405910353,202405,官方校地範圍代表點，非校門或單一校舍點位,330217.54,2725233.24,4411,5935,圖面範圍內,低潛勢（PL<5）,清楚,168.5,中潛勢（5≤PL≤15）,True,距中／高潛勢圖色 168.5 公尺（≤300公尺）,"{""低潛勢（PL<5）"": 25, ""中潛勢（5≤PL≤15）"": 0, ""高潛勢（PL≥15）"": 0}"
41,宜蘭縣立利澤國民中學,學校,,121.82913660139805,24.66483101835637,202206,官方校地範圍代表點，非校門或單一校舍點位,333920.58,2728907.88,5022,5329,圖面範圍內,高潛勢（PL≥15）,清楚,0.0,高潛勢（PL≥15）,True,直接落在中／高潛勢圖色,"{""低潛勢（PL<5）"": 0, ""中潛勢（5≤PL≤15）"": 0, ""高潛勢（PL≥15）"": 25}"
42,宜蘭縣立吳沙國民中學,學校,,121.75924096783965,24.78525490545142,202406,官方校地範圍代表點，非校門或單一校舍點位,326771.91,2742205.6,3843,3136,圖面範圍內,高潛勢（PL≥15）,清楚,0.0,高潛勢（PL≥15）,True,直接落在中／高潛勢圖色,"{""低潛勢（PL<5）"": 0, ""中潛勢（5≤PL≤15）"": 0, ""高潛勢（PL≥15）"": 25}"
43,宜蘭縣立壯圍國民中學,學校,,121.78861161431306,24.749452158612097,201005,官方校地範圍代表點，非校門或單一校舍點位,329764.76,2738256.72,4336,3787,圖面範圍內,高潛勢（PL≥15）,清楚,0.0,高潛勢（PL≥15）,True,直接落在中／高潛勢圖色,"{""低潛勢（PL<5）"": 0, ""中潛勢（5≤PL≤15）"": 0, ""高潛勢（PL≥15）"": 25}"
44,宜蘭縣立宜蘭國民中學,學校,,121.75759035426896,24.76222182775812,202406,官方校地範圍代表點，非校門或單一校舍點位,326619.14,2739653.42,3818,3557,圖面範圍內,高潛勢（PL≥15）,清楚,0.0,高潛勢（PL≥15）,True,直接落在中／高潛勢圖色,"{""低潛勢（PL<5）"": 0, ""中潛勢（5≤PL≤15）"": 0, ""高潛勢（PL≥15）"": 25}"
45,宜蘭縣立岳明國民中小學,學校,,121.8527632227828,24.61427702997379,202406,官方校地範圍代表點，非校門或單一校舍點位,336346.8,2723322.94,5422,6250,圖面範圍內,高潛勢（PL≥15）,清楚,0.0,高潛勢（PL≥15）,True,直接落在中／高潛勢圖色,"{""低潛勢（PL<5）"": 0, ""中潛勢（5≤PL≤15）"": 0, ""高潛勢（PL≥15）"": 25}"
46,宜蘭縣立東光國民中學,學校,,121.76650178355683,24.671780322996614,202206,官方校地範圍代表點，非校門或單一校舍點位,327576.48,2729640.77,3975,5208,圖面範圍內,高潛勢（PL≥15）,清楚,0.0,高潛勢（PL≥15）,True,直接落在中／高潛勢圖色,"{""低潛勢（PL<5）"": 0, ""中潛勢（5≤PL≤15）"": 0, ""高潛勢（PL≥15）"": 25}"
49,宜蘭縣立員山國民中學,學校,,121.7146390755464,24.750646602983014,202207,官方校地範圍代表點，非校門或單一校舍點位,322281.79,2738347.93,3102,3772,圖面範圍內,低潛勢（PL<5）,清楚,24.3,中潛勢（5≤PL≤15）,True,距中／高潛勢圖色 24.3 公尺（≤300公尺）,"{""低潛勢（PL<5）"": 25, ""中潛勢（5≤PL≤15）"": 0, ""高潛勢（PL≥15）"": 0}"
50,宜蘭縣立國華國民中學,學校,,121.76126887038824,24.678139749010743,202206,官方校地範圍代表點，非校門或單一校舍點位,327042.93,2730342.21,3887,5093,圖面範圍內,高潛勢（PL≥15）,清楚,0.0,高潛勢（PL≥15）,True,直接落在中／高潛勢圖色,"{""低潛勢（PL<5）"": 0, ""中潛勢（5≤PL≤15）"": 0, ""高潛勢（PL≥15）"": 25}"
51,宜蘭縣立凱旋國民中學,學校,,121.75617371992757,24.72543964741962,202207,官方校地範圍代表點，非校門或單一校舍點位,326498.37,2735578.47,3798,4229,圖面範圍內,中潛勢（5≤PL≤15）,清楚,6.1,中潛勢（5≤PL≤15）,True,直接落在中／高潛勢圖色,"{""低潛勢（PL<5）"": 0, ""中潛勢（5≤PL≤15）"": 10, ""高潛勢（PL≥15）"": 5}"
52,宜蘭縣立復興國民中學,學校,,121.74662825675436,24.74842560534229,202012,官方校地範圍代表點，非校門或單一校舍點位,325518.78,2738119.19,3636,3810,圖面範圍內,圖上無可判讀潛勢色塊,無法判讀,25.0,高潛勢（PL≥15）,True,距中／高潛勢圖色 25.0 公尺（≤300公尺）,"{""低潛勢（PL<5）"": 0, ""中潛勢（5≤PL≤15）"": 0, ""高潛勢（PL≥15）"": 0}"
53,宜蘭縣立順安國民中學,學校,,121.7657738837742,24.654186633540444,202406,官方校地範圍代表點，非校門或單一校舍點位,327513.67,2727691.62,3965,5530,圖面範圍內,中潛勢（5≤PL≤15）,清楚,0.0,中潛勢（5≤PL≤15）,True,直接落在中／高潛勢圖色,"{""低潛勢（PL<5）"": 0, ""中潛勢（5≤PL≤15）"": 25, ""高潛勢（PL≥15）"": 0}"
54,宜蘭縣立慈心華德福教育實驗高級中學,學校,,121.795122200644,24.626796137667224,202206,官方校地範圍代表點，非校門或單一校舍點位,330502.06,2724674.64,4458,6028,圖面範圍內,圖上無可判讀潛勢色塊,無法判讀,25.0,中潛勢（5≤PL≤15）,True,距中／高潛勢圖色 25.0 公尺（≤300公尺）,"{""低潛勢（PL<5）"": 0, ""中潛勢（5≤PL≤15）"": 0, ""高潛勢（PL≥15）"": 0}"
55,宜蘭縣立興中國民中學,學校,,121.77120986034859,24.699469889800653,202206,官方校地範圍代表點，非校門或單一校舍點位,328035.75,2732710.44,4051,4702,圖面範圍內,高潛勢（PL≥15）,清楚,0.0,高潛勢（PL≥15）,True,直接落在中／高潛勢圖色,"{""低潛勢（PL<5）"": 0, ""中潛勢（5≤PL≤15）"": 0, ""高潛勢（PL≥15）"": 25}"
56,宜蘭縣立頭城國民中學,學校,,121.82185061939882,24.86449439957721,201811,官方校地範圍代表點，非校門或單一校舍點位,333050.2,2751019.32,4878,1682,圖面範圍內,中潛勢（5≤PL≤15）,清楚,0.0,中潛勢（5≤PL≤15）,True,直接落在中／高潛勢圖色,"{""低潛勢（PL<5）"": 0, ""中潛勢（5≤PL≤15）"": 25, ""高潛勢（PL≥15）"": 0}"
58,宜蘭縣立羅東國民中學,學校,,121.76742004598218,24.682508091698494,202206,官方校地範圍代表點，非校門或單一校舍點位,327662.77,2730829.53,3990,5012,圖面範圍內,高潛勢（PL≥15）,清楚,0.0,高潛勢（PL≥15）,True,直接落在中／高潛勢圖色,"{""低潛勢（PL<5）"": 0, ""中潛勢（5≤PL≤15）"": 0, ""高潛勢（PL≥15）"": 25}"
60,宜蘭縣壯圍鄉大福國民小學,學校,,121.81437563756211,24.801383185656977,201901,官方校地範圍代表點，非校門或單一校舍點位,332336.54,2744024.16,4761,2836,圖面範圍內,高潛勢（PL≥15）,清楚,0.0,高潛勢（PL≥15）,True,直接落在中／高潛勢圖色,"{""低潛勢（PL<5）"": 0, ""中潛勢（5≤PL≤15）"": 0, ""高潛勢（PL≥15）"": 25}"
61,宜蘭縣壯圍鄉公館國民小學,學校,,121.81620286367128,24.736237361677073,202207,官方校地範圍代表點，非校門或單一校舍點位,332564.35,2736809.34,4798,4026,圖面範圍內,高潛勢（PL≥15）,清楚,0.0,高潛勢（PL≥15）,True,直接落在中／高潛勢圖色,"{""低潛勢（PL<5）"": 0, ""中潛勢（5≤PL≤15）"": 0, ""高潛勢（PL≥15）"": 25}"
62,宜蘭縣壯圍鄉古亭國民小學,學校,,121.798274206836,24.771792156661487,202405,官方校地範圍代表點，非校門或單一校舍點位,330727.7,2740736.88,4495,3378,圖面範圍內,高潛勢（PL≥15）,清楚,0.0,高潛勢（PL≥15）,True,直接落在中／高潛勢圖色,"{""低潛勢（PL<5）"": 0, ""中潛勢（5≤PL≤15）"": 0, ""高潛勢（PL≥15）"": 25}"
63,宜蘭縣壯圍鄉壯圍國民小學,學校,,121.79007455043347,24.743843127214724,202405,官方校地範圍代表點，非校門或單一校舍點位,329916.33,2737636.29,4361,3890,圖面範圍內,高潛勢（PL≥15）,清楚,0.0,高潛勢（PL≥15）,True,直接落在中／高潛勢圖色,"{""低潛勢（PL<5）"": 0, ""中潛勢（5≤PL≤15）"": 0, ""高潛勢（PL≥15）"": 25}"
64,宜蘭縣壯圍鄉新南國民小學,學校,,121.79986941520161,24.722387674277137,202405,官方校地範圍代表點，非校門或單一校舍點位,330921.0,2735265.53,4527,4281,圖面範圍內,高潛勢（PL≥15）,清楚,0.0,高潛勢（PL≥15）,True,直接落在中／高潛勢圖色,"{""低潛勢（PL<5）"": 0, ""中潛勢（5≤PL≤15）"": 0, ""高潛勢（PL≥15）"": 25}"
65,宜蘭縣壯圍鄉過嶺國民小學,學校,,121.81472134956087,24.75929627542415,202207,官方校地範圍代表點，非校門或單一校舍點位,332399.28,2739362.58,4771,3605,圖面範圍內,圖上無可判讀潛勢色塊,無法判讀,27.1,高潛勢（PL≥15）,True,距中／高潛勢圖色 27.1 公尺（≤300公尺）,"{""低潛勢（PL<5）"": 0, ""中潛勢（5≤PL≤15）"": 0, ""高潛勢（PL≥15）"": 0}"
66,宜蘭縣私立中道高級中學,學校,,121.79371978738334,24.75952413693633,202405,官方校地範圍代表點，非校門或單一校舍點位,330274.98,2739375.33,4420,3603,圖面範圍內,中潛勢（5≤PL≤15）,清楚,0.0,中潛勢（5≤PL≤15）,True,直接落在中／高潛勢圖色,"{""低潛勢（PL<5）"": 0, ""中潛勢（5≤PL≤15）"": 25, ""高潛勢（PL≥15）"": 0}"
68,宜蘭縣宜蘭市力行國民小學,學校,,121.7553855159705,24.763954726244247,202207,官方校地範圍代表點，非校門或單一校舍點位,326395.08,2739844.13,3781,3525,圖面範圍內,高潛勢（PL≥15）,清楚,0.0,高潛勢（PL≥15）,True,直接落在中／高潛勢圖色,"{""低潛勢（PL<5）"": 0, ""中潛勢（5≤PL≤15）"": 0, ""高潛勢（PL≥15）"": 25}"
69,宜蘭縣宜蘭市中山國民小學,學校,,121.75513577757904,24.75377391637026,202406,官方校地範圍代表點，非校門或單一校舍點位,326376.05,2738716.32,3777,3711,圖面範圍內,高潛勢（PL≥15）,清楚,12.1,高潛勢（PL≥15）,True,直接落在中／高潛勢圖色,"{""低潛勢（PL<5）"": 0, ""中潛勢（5≤PL≤15）"": 0, ""高潛勢（PL≥15）"": 5}"
70,宜蘭縣宜蘭市光復國民小學,學校,,121.74694972100662,24.75521433766088,202207,官方校地範圍代表點，非校門或單一校舍點位,325547.19,2738871.32,3641,3686,圖面範圍內,高潛勢（PL≥15）,清楚,0.0,高潛勢（PL≥15）,True,直接落在中／高潛勢圖色,"{""低潛勢（PL<5）"": 0, ""中潛勢（5≤PL≤15）"": 0, ""高潛勢（PL≥15）"": 25}"
71,宜蘭縣宜蘭市育才國民小學,學校,,121.7377286689887,24.73319131344182,202207,官方校地範圍代表點，非校門或單一校舍點位,324627.68,2736426.9,3489,4089,圖面範圍內,高潛勢（PL≥15）,清楚,0.0,高潛勢（PL≥15）,True,直接落在中／高潛勢圖色,"{""低潛勢（PL<5）"": 0, ""中潛勢（5≤PL≤15）"": 0, ""高潛勢（PL≥15）"": 25}"
72,宜蘭縣宜蘭市宜蘭國民小學,學校,,121.75451967258032,24.752966773481127,202207,官方校地範圍代表點，非校門或單一校舍點位,326314.23,2738626.57,3767,3726,圖面範圍內,高潛勢（PL≥15）,清楚,0.0,高潛勢（PL≥15）,True,直接落在中／高潛勢圖色,"{""低潛勢（PL<5）"": 0, ""中潛勢（5≤PL≤15）"": 0, ""高潛勢（PL≥15）"": 15}"
73,宜蘭縣宜蘭市南屏國民小學,學校,,121.74253450013134,24.754828846032286,202207,官方校地範圍代表點，非校門或單一校舍點位,325100.85,2738826.19,3567,3693,圖面範圍內,高潛勢（PL≥15）,清楚,0.0,高潛勢（PL≥15）,True,直接落在中／高潛勢圖色,"{""低潛勢（PL<5）"": 0, ""中潛勢（5≤PL≤15）"": 0, ""高潛勢（PL≥15）"": 25}"
74,宜蘭縣宜蘭市凱旋國民小學,學校,,121.76360601580144,24.72451326125833,202207,官方校地範圍代表點，非校門或單一校舍點位,327250.86,2735480.03,3922,4245,圖面範圍內,中潛勢（5≤PL≤15）,清楚,0.0,中潛勢（5≤PL≤15）,True,直接落在中／高潛勢圖色,"{""低潛勢（PL<5）"": 0, ""中潛勢（5≤PL≤15）"": 25, ""高潛勢（PL≥15）"": 0}"
75,宜蘭縣宜蘭市新生國民小學,學校,,121.75443887511352,24.770720851993776,202207,官方校地範圍代表點，非校門或單一校舍點位,326295.21,2740593.05,3764,3402,圖面範圍內,高潛勢（PL≥15）,清楚,0.0,高潛勢（PL≥15）,True,直接落在中／高潛勢圖色,"{""低潛勢（PL<5）"": 0, ""中潛勢（5≤PL≤15）"": 0, ""高潛勢（PL≥15）"": 25}"
76,宜蘭縣宜蘭市黎明國民小學,學校,,121.76409771992734,24.751390551908116,202207,官方校地範圍代表點，非校門或單一校舍點位,327283.99,2738457.36,3927,3754,圖面範圍內,高潛勢（PL≥15）,清楚,0.0,高潛勢（PL≥15）,True,直接落在中／高潛勢圖色,"{""低潛勢（PL<5）"": 0, ""中潛勢（5≤PL≤15）"": 0, ""高潛勢（PL≥15）"": 20}"
85,宜蘭縣員山鄉七賢國民小學,學校,,121.74351683907265,24.71945564618422,202206,官方校地範圍代表點，非校門或單一校舍點位,325221.49,2734908.65,3587,4339,圖面範圍內,中潛勢（5≤PL≤15）,清楚,0.0,中潛勢（5≤PL≤15）,True,直接落在中／高潛勢圖色,"{""低潛勢（PL<5）"": 0, ""中潛勢（5≤PL≤15）"": 25, ""高潛勢（PL≥15）"": 0}"
88,宜蘭縣員山鄉同樂國民小學,學校,,121.72910681750635,24.763182798217866,202207,官方校地範圍代表點，非校門或單一校舍點位,323737.78,2739744.21,3342,3542,圖面範圍內,中潛勢（5≤PL≤15）,清楚,0.0,中潛勢（5≤PL≤15）,True,直接落在中／高潛勢圖色,"{""低潛勢（PL<5）"": 0, ""中潛勢（5≤PL≤15）"": 25, ""高潛勢（PL≥15）"": 0}"
89,宜蘭縣員山鄉員山國民小學,學校,,121.72214016370646,24.743617112816597,202207,官方校地範圍代表點，非校門或單一校舍點位,323044.62,2737573.3,3228,3900,圖面範圍內,低潛勢（PL<5）,清楚,175.8,中潛勢（5≤PL≤15）,True,距中／高潛勢圖色 175.8 公尺（≤300公尺）,"{""低潛勢（PL<5）"": 25, ""中潛勢（5≤PL≤15）"": 0, ""高潛勢（PL≥15）"": 0}"
92,宜蘭縣頭城鎮二城國民小學,學校,,121.8053594329321,24.84317496068244,202207,官方校地範圍代表點，非校門或單一校舍點位,331397.61,2748647.88,4606,2073,圖面範圍內,高潛勢（PL≥15）,清楚,0.0,高潛勢（PL≥15）,True,直接落在中／高潛勢圖色,"{""低潛勢（PL<5）"": 0, ""中潛勢（5≤PL≤15）"": 0, ""高潛勢（PL≥15）"": 25}"
95,宜蘭縣頭城鎮竹安國民小學,學校,,121.82052950561251,24.8251668863688,202405,官方校地範圍代表點，非校門或單一校舍點位,332942.91,2746662.32,4861,2401,圖面範圍內,高潛勢（PL≥15）,清楚,0.0,高潛勢（PL≥15）,True,直接落在中／高潛勢圖色,"{""低潛勢（PL<5）"": 0, ""中潛勢（5≤PL≤15）"": 0, ""高潛勢（PL≥15）"": 15}"
97,宜蘭縣頭城鎮頭城國民小學,學校,,121.8278245383361,24.862703793494095,201901,官方校地範圍代表點，非校門或單一校舍點位,333655.12,2750824.63,4978,1714,圖面範圍內,高潛勢（PL≥15）,清楚,0.0,高潛勢（PL≥15）,True,直接落在中／高潛勢圖色,"{""低潛勢（PL<5）"": 0, ""中潛勢（5≤PL≤15）"": 0, ""高潛勢（PL≥15）"": 25}"
99,宜蘭縣礁溪鄉四結國民小學,學校,,121.75990869231923,24.78681452474716,202406,官方校地範圍代表點，非校門或單一校舍點位,326838.47,2742378.73,3854,3107,圖面範圍內,高潛勢（PL≥15）,清楚,0.0,高潛勢（PL≥15）,True,直接落在中／高潛勢圖色,"{""低潛勢（PL<5）"": 0, ""中潛勢（5≤PL≤15）"": 0, ""高潛勢（PL≥15）"": 25}"
NLSC-MED-G0000000237,臺北榮民總醫院蘇澳分院,醫療機構,內政部國土測繪中心醫療設施 API（官方）,121.848616,24.614094,,國土測繪中心醫療設施地標點,335926.97,2723300.07,5353,6254,圖面範圍內,中潛勢（5≤PL≤15）,清楚,0.0,中潛勢（5≤PL≤15）,True,直接落在中／高潛勢圖色,"{""低潛勢（PL<5）"": 0, ""中潛勢（5≤PL≤15）"": 14, ""高潛勢（PL≥15）"": 0}"
NLSC-MED-G0000000477,天主教靈醫會醫療財團法人羅東聖母醫院,醫療機構,內政部國土測繪中心醫療設施 API（官方）,121.771501,24.671818,,國土測繪中心醫療設施地標點,328082.43,2729647.78,4059,5207,圖面範圍內,高潛勢（PL≥15）,清楚,0.0,高潛勢（PL≥15）,True,直接落在中／高潛勢圖色,"{""低潛勢（PL<5）"": 0, ""中潛勢（5≤PL≤15）"": 0, ""高潛勢（PL≥15）"": 23}"
NLSC-MED-G0000000565,宜蘭縣羅東鎮衛生所,醫療機構,內政部國土測繪中心醫療設施 API（官方）,121.766956,24.677528,,國土測繪中心醫療設施地標點,327618.89,2730277.66,3982,5103,圖面範圍內,高潛勢（PL≥15）,清楚,0.0,高潛勢（PL≥15）,True,直接落在中／高潛勢圖色,"{""低潛勢（PL<5）"": 0, ""中潛勢（5≤PL≤15）"": 0, ""高潛勢（PL≥15）"": 12}"
NLSC-MED-G0000000687,宜蘭縣五結鄉衛生所,醫療機構,內政部國土測繪中心醫療設施 API（官方）,121.798941,24.684716,,國土測繪中心醫療設施地標點,330851.39,2731092.3,4516,4969,圖面範圍內,高潛勢（PL≥15）,清楚,0.0,高潛勢（PL≥15）,True,直接落在中／高潛勢圖色,"{""低潛勢（PL<5）"": 0, ""中潛勢（5≤PL≤15）"": 0, ""高潛勢（PL≥15）"": 25}"
NLSC-MED-G0000000834,宜蘭縣壯圍鄉紅葉社區衛生室,醫療機構,內政部國土測繪中心醫療設施 API（官方）,121.815457,24.736365,,國土測繪中心醫療設施地標點,332488.82,2736823.03,4786,4024,圖面範圍內,高潛勢（PL≥15）,清楚,6.1,高潛勢（PL≥15）,True,直接落在中／高潛勢圖色,"{""低潛勢（PL<5）"": 0, ""中潛勢（5≤PL≤15）"": 0, ""高潛勢（PL≥15）"": 10}"
NLSC-MED-G0000000857,宜蘭縣員山鄉衛生所,醫療機構,內政部國土測繪中心醫療設施 API（官方）,121.724391,24.744249,,國土測繪中心醫療設施地標點,323271.93,2737644.49,3265,3888,圖面範圍內,低潛勢（PL<5）,清楚,248.6,中潛勢（5≤PL≤15）,True,距中／高潛勢圖色 248.6 公尺（≤300公尺）,"{""低潛勢（PL<5）"": 9, ""中潛勢（5≤PL≤15）"": 0, ""高潛勢（PL≥15）"": 0}"
NLSC-MED-G0000000894,宜蘭縣壯圍鄉衛生所,醫療機構,內政部國土測繪中心醫療設施 API（官方）,121.786323,24.746749,,國土測繪中心醫療設施地標點,329534.99,2737955.97,4298,3837,圖面範圍內,高潛勢（PL≥15）,清楚,0.0,高潛勢（PL≥15）,True,直接落在中／高潛勢圖色,"{""低潛勢（PL<5）"": 0, ""中潛勢（5≤PL≤15）"": 0, ""高潛勢（PL≥15）"": 12}"
NLSC-MED-G0000000929,宜蘭仁愛醫療財團法人宜蘭仁愛醫院,醫療機構,內政部國土測繪中心醫療設施 API（官方）,121.754442,24.74874,,國土測繪中心醫療設施地標點,326308.95,2738158.35,3766,3803,圖面範圍內,高潛勢（PL≥15）,清楚,6.1,高潛勢（PL≥15）,True,直接落在中／高潛勢圖色,"{""低潛勢（PL<5）"": 0, ""中潛勢（5≤PL≤15）"": 0, ""高潛勢（PL≥15）"": 11}"
NLSC-MED-G0000000934,國立陽明交通大學附設醫院蘭陽院區,醫療機構,內政部國土測繪中心醫療設施 API（官方）,121.758638,24.748976,,國土測繪中心醫療設施地標點,326733.23,2738186.84,3836,3799,圖面範圍內,中潛勢（5≤PL≤15）,清楚,0.0,中潛勢（5≤PL≤15）,True,直接落在中／高潛勢圖色,"{""低潛勢（PL<5）"": 0, ""中潛勢（5≤PL≤15）"": 25, ""高潛勢（PL≥15）"": 0}"
NLSC-MED-G0000000957,臺北榮民總醫院員山分院,醫療機構,內政部國土測繪中心醫療設施 API（官方）,121.757427,24.750357,,國土測繪中心醫療設施地標點,326609.89,2738339.13,3816,3774,圖面範圍內,高潛勢（PL≥15）,清楚,0.0,高潛勢（PL≥15）,True,直接落在中／高潛勢圖色,"{""低潛勢（PL<5）"": 0, ""中潛勢（5≤PL≤15）"": 0, ""高潛勢（PL≥15）"": 17}"
NLSC-MED-G0000001120,國立陽明交通大學附設醫院新民院區,醫療機構,內政部國土測繪中心醫療設施 API（官方）,121.754005,24.757924,,國土測繪中心醫療設施地標點,326259.14,2739175.37,3758,3636,圖面範圍內,高潛勢（PL≥15）,清楚,0.0,高潛勢（PL≥15）,True,直接落在中／高潛勢圖色,"{""低潛勢（PL<5）"": 0, ""中潛勢（5≤PL≤15）"": 0, ""高潛勢（PL≥15）"": 25}"
NLSC-MED-G0000001263,宜蘭縣礁溪鄉時潮村衛生室,醫療機構,內政部國土測繪中心醫療設施 API（官方）,121.809099,24.805344,,國土測繪中心醫療設施地標點,331800.42,2744459.72,4672,2764,圖面範圍內,高潛勢（PL≥15）,清楚,0.0,高潛勢（PL≥15）,True,直接落在中／高潛勢圖色,"{""低潛勢（PL<5）"": 0, ""中潛勢（5≤PL≤15）"": 0, ""高潛勢（PL≥15）"": 25}"
NLSC-MED-G0000001283,宜蘭縣礁溪鄉衛生所,醫療機構,內政部國土測繪中心醫療設施 API（官方）,121.769739,24.820802,,國土測繪中心醫療設施地標點,327811.29,2746148.93,4014,2485,圖面範圍內,低潛勢（PL<5）,清楚,97.0,中潛勢（5≤PL≤15）,True,距中／高潛勢圖色 97.0 公尺（≤300公尺）,"{""低潛勢（PL<5）"": 25, ""中潛勢（5≤PL≤15）"": 0, ""高潛勢（PL≥15）"": 0}"
NLSC-MED-G0000001468,宜蘭縣頭城鎮頂埔里衛生室,醫療機構,內政部國土測繪中心醫療設施 API（官方）,121.81081,24.844576,,國土測繪中心醫療設施地標點,331947.6,2748806.33,4696,2047,圖面範圍內,高潛勢（PL≥15）,清楚,0.0,高潛勢（PL≥15）,True,直接落在中／高潛勢圖色,"{""低潛勢（PL<5）"": 0, ""中潛勢（5≤PL≤15）"": 0, ""高潛勢（PL≥15）"": 24}"
NLSC-MED-G0000001490,宜蘭縣頭城鎮衛生所,醫療機構,內政部國土測繪中心醫療設施 API（官方）,121.820514,24.856776,,國土測繪中心醫療設施地標點,332920.28,2750163.56,4857,1823,圖面範圍內,高潛勢（PL≥15）,清楚,8.6,高潛勢（PL≥15）,True,直接落在中／高潛勢圖色,"{""低潛勢（PL<5）"": 0, ""中潛勢（5≤PL≤15）"": 0, ""高潛勢（PL≥15）"": 5}"
NLSC-MED-G0000001837,宜蘭縣宜蘭市衛生所,醫療機構,內政部國土測繪中心醫療設施 API（官方）,121.752392,24.745424,,國土測繪中心醫療設施地標點,326103.61,2737789.92,3733,3864,圖面範圍內,高潛勢（PL≥15）,清楚,6.1,高潛勢（PL≥15）,True,直接落在中／高潛勢圖色,"{""低潛勢（PL<5）"": 0, ""中潛勢（5≤PL≤15）"": 0, ""高潛勢（PL≥15）"": 6}"
NLSC-MED-G0000002636,醫療財團法人羅許基金會羅東博愛醫院,醫療機構,內政部國土測繪中心醫療設施 API（官方）,121.773019,24.671578,,國土測繪中心醫療設施地標點,328236.23,2729622.06,4084,5211,圖面範圍內,高潛勢（PL≥15）,清楚,0.0,高潛勢（PL≥15）,True,直接落在中／高潛勢圖色,"{""低潛勢（PL<5）"": 0, ""中潛勢（5≤PL≤15）"": 0, ""高潛勢（PL≥15）"": 25}"
NLSC-MED-G0000002825,海天醫療社團法人海天醫院,醫療機構,內政部國土測繪中心醫療設施 API（官方）,121.810781,24.778865,,國土測繪中心醫療設施地標點,331987.89,2741527.75,4703,3248,圖面範圍內,高潛勢（PL≥15）,清楚,0.0,高潛勢（PL≥15）,True,直接落在中／高潛勢圖色,"{""低潛勢（PL<5）"": 0, ""中潛勢（5≤PL≤15）"": 0, ""高潛勢（PL≥15）"": 25}"
NLSC-MED-G0000003935,醫療財團法人羅許基金會羅東博愛醫院門診中心,醫療機構,內政部國土測繪中心醫療設施 API（官方）,121.771047,24.671891,,國土測繪中心醫療設施地標點,328036.44,2729655.6,4051,5206,圖面範圍內,高潛勢（PL≥15）,清楚,0.0,高潛勢（PL≥15）,True,直接落在中／高潛勢圖色,"{""低潛勢（PL<5）"": 0, ""中潛勢（5≤PL≤15）"": 0, ""高潛勢（PL≥15）"": 21}"
NLSC-MED-G0000004199,天主教靈醫會醫療財團法人礁溪杏和醫院,醫療機構,內政部國土測繪中心醫療設施 API（官方）,121.769144,24.820582,,國土測繪中心醫療設施地標點,327751.28,2746124.22,4004,2489,圖面範圍內,低潛勢（PL<5）,清楚,158.7,中潛勢（5≤PL≤15）,True,距中／高潛勢圖色 158.7 公尺（≤300公尺）,"{""低潛勢（PL<5）"": 20, ""中潛勢（5≤PL≤15）"": 0, ""高潛勢（PL≥15）"": 0}"
ITAIWAN-11923,衛生局,政府機關,數位發展部 iTaiwan 熱點（政府機關位置代理點）,121.752355,24.745433,,iTaiwan 熱點位置代理點，非完整機關名冊,326099.87,2737790.89,3732,3864,圖面範圍內,高潛勢（PL≥15）,清楚,8.6,高潛勢（PL≥15）,True,直接落在中／高潛勢圖色,"{""低潛勢（PL<5）"": 0, ""中潛勢（5≤PL≤15）"": 0, ""高潛勢（PL≥15）"": 5}"
ITAIWAN-11651,衛生局,政府機關,數位發展部 iTaiwan 熱點（政府機關位置代理點）,121.7547834,24.7461769,,iTaiwan 熱點位置代理點，非完整機關名冊,326345.05,2737874.64,3772,3850,圖面範圍內,高潛勢（PL≥15）,清楚,6.1,高潛勢（PL≥15）,True,直接落在中／高潛勢圖色,"{""低潛勢（PL<5）"": 0, ""中潛勢（5≤PL≤15）"": 0, ""高潛勢（PL≥15）"": 10}"
ITAIWAN-11919,衛生局,政府機關,數位發展部 iTaiwan 熱點（政府機關位置代理點）,121.75469,24.75864,,iTaiwan 熱點位置代理點，非完整機關名冊,326327.99,2739255.06,3770,3623,圖面範圍內,高潛勢（PL≥15）,清楚,0.0,高潛勢（PL≥15）,True,直接落在中／高潛勢圖色,"{""低潛勢（PL<5）"": 0, ""中潛勢（5≤PL≤15）"": 0, ""高潛勢（PL≥15）"": 15}"
ITAIWAN-11614,五結鄉公所,政府機關,數位發展部 iTaiwan 熱點（政府機關位置代理點）,121.798384,24.684852,,iTaiwan 熱點位置代理點，非完整機關名冊,330794.94,2731107.04,4506,4967,圖面範圍內,圖上無可判讀潛勢色塊,無法判讀,48.5,高潛勢（PL≥15）,True,距中／高潛勢圖色 48.5 公尺（≤300公尺）,"{""低潛勢（PL<5）"": 0, ""中潛勢（5≤PL≤15）"": 0, ""高潛勢（PL≥15）"": 0}"
ITAIWAN-11613,員山鄉公所,政府機關,數位發展部 iTaiwan 熱點（政府機關位置代理點）,121.723304,24.743455,,iTaiwan 熱點位置代理點，非完整機關名冊,323162.44,2737555.96,3247,3903,圖面範圍內,低潛勢（PL<5）,清楚,157.6,中潛勢（5≤PL≤15）,True,距中／高潛勢圖色 157.6 公尺（≤300公尺）,"{""低潛勢（PL<5）"": 25, ""中潛勢（5≤PL≤15）"": 0, ""高潛勢（PL≥15）"": 0}"
ITAIWAN-11612,壯圍鄉公所,政府機關,數位發展部 iTaiwan 熱點（政府機關位置代理點）,121.785722,24.747104,,iTaiwan 熱點位置代理點，非完整機關名冊,329473.97,2737994.95,4288,3830,圖面範圍內,高潛勢（PL≥15）,清楚,0.0,高潛勢（PL≥15）,True,直接落在中／高潛勢圖色,"{""低潛勢（PL<5）"": 0, ""中潛勢（5≤PL≤15）"": 0, ""高潛勢（PL≥15）"": 23}"
ITAIWAN-11607,宜蘭市公所,政府機關,數位發展部 iTaiwan 熱點（政府機關位置代理點）,121.753106,24.752015,,iTaiwan 熱點位置代理點，非完整機關名冊,326171.82,2738520.36,3744,3744,圖面範圍內,高潛勢（PL≥15）,清楚,13.6,高潛勢（PL≥15）,True,直接落在中／高潛勢圖色,"{""低潛勢（PL<5）"": 0, ""中潛勢（5≤PL≤15）"": 0, ""高潛勢（PL≥15）"": 1}"
ITAIWAN-11808,宜蘭縣政府,政府機關,數位發展部 iTaiwan 熱點（政府機關位置代理點）,121.763191,24.73241,,iTaiwan 熱點位置代理點，非完整機關名冊,327204.0,2736354.48,3914,4101,圖面範圍內,中潛勢（5≤PL≤15）,清楚,0.0,中潛勢（5≤PL≤15）,True,直接落在中／高潛勢圖色,"{""低潛勢（PL<5）"": 0, ""中潛勢（5≤PL≤15）"": 25, ""高潛勢（PL≥15）"": 0}"
ITAIWAN-11655,宜蘭縣政府,政府機關,數位發展部 iTaiwan 熱點（政府機關位置代理點）,121.7633074,24.7309528,,iTaiwan 熱點位置代理點，非完整機關名冊,327216.67,2736193.14,3916,4128,圖面範圍內,高潛勢（PL≥15）,清楚,0.0,高潛勢（PL≥15）,True,直接落在中／高潛勢圖色,"{""低潛勢（PL<5）"": 0, ""中潛勢（5≤PL≤15）"": 0, ""高潛勢（PL≥15）"": 20}"
ITAIWAN-11611,礁溪鄉公所,政府機關,數位發展部 iTaiwan 熱點（政府機關位置代理點）,121.771431,24.823626,,iTaiwan 熱點位置代理點，非完整機關名冊,327980.57,2746462.69,4042,2434,圖面範圍內,圖上無可判讀潛勢色塊,無法判讀,46.2,中潛勢（5≤PL≤15）,True,距中／高潛勢圖色 46.2 公尺（≤300公尺）,"{""低潛勢（PL<5）"": 0, ""中潛勢（5≤PL≤15）"": 0, ""高潛勢（PL≥15）"": 0}"
ITAIWAN-11888,羅東鎮公所,政府機關,數位發展部 iTaiwan 熱點（政府機關位置代理點）,121.767139,24.677282,,iTaiwan 熱點位置代理點，非完整機關名冊,327637.56,2730250.51,3986,5108,圖面範圍內,高潛勢（PL≥15）,清楚,0.0,高潛勢（PL≥15）,True,直接落在中／高潛勢圖色,"{""低潛勢（PL<5）"": 0, ""中潛勢（5≤PL≤15）"": 0, ""高潛勢（PL≥15）"": 21}"
ITAIWAN-11608,頭城鎮公所,政府機關,數位發展部 iTaiwan 熱點（政府機關位置代理點）,121.823316,24.859649,,iTaiwan 熱點位置代理點，非完整機關名冊,333201.53,2750483.5,4903,1770,圖面範圍內,中潛勢（5≤PL≤15）,清楚,6.1,中潛勢（5≤PL≤15）,True,直接落在中／高潛勢圖色,"{""低潛勢（PL<5）"": 0, ""中潛勢（5≤PL≤15）"": 10, ""高潛勢（PL≥15）"": 0}"
ITAIWAN-11926,宜蘭縣消防局,政府機關,數位發展部 iTaiwan 熱點（政府機關位置代理點）,121.755182,24.754874,,iTaiwan 熱點位置代理點，非完整機關名冊,326380.05,2738838.19,3778,3691,圖面範圍內,高潛勢（PL≥15）,清楚,6.1,高潛勢（PL≥15）,True,直接落在中／高潛勢圖色,"{""低潛勢（PL<5）"": 0, ""中潛勢（5≤PL≤15）"": 0, ""高潛勢（PL≥15）"": 12}"
ITAIWAN-11927,宜蘭縣警察局,政府機關,數位發展部 iTaiwan 熱點（政府機關位置代理點）,121.754036,24.749236,,iTaiwan 熱點位置代理點，非完整機關名冊,326267.58,2738213.07,3760,3794,圖面範圍內,高潛勢（PL≥15）,清楚,8.6,高潛勢（PL≥15）,True,直接落在中／高潛勢圖色,"{""低潛勢（PL<5）"": 0, ""中潛勢（5≤PL≤15）"": 0, ""高潛勢（PL≥15）"": 7}"
ITAIWAN-11945,五結戶政事務所,政府機關,數位發展部 iTaiwan 熱點（政府機關位置代理點）,121.798725,24.684932,,iTaiwan 熱點位置代理點，非完整機關名冊,330829.39,2731116.1,4512,4965,圖面範圍內,高潛勢（PL≥15）,清楚,12.1,高潛勢（PL≥15）,True,直接落在中／高潛勢圖色,"{""低潛勢（PL<5）"": 0, ""中潛勢（5≤PL≤15）"": 0, ""高潛勢（PL≥15）"": 3}"
ITAIWAN-11917,壯圍戶政事務所,政府機關,數位發展部 iTaiwan 熱點（政府機關位置代理點）,121.785947,24.746405,,iTaiwan 熱點位置代理點，非完整機關名冊,329497.18,2737917.65,4292,3843,圖面範圍內,圖上無可判讀潛勢色塊,無法判讀,42.4,高潛勢（PL≥15）,True,距中／高潛勢圖色 42.4 公尺（≤300公尺）,"{""低潛勢（PL<5）"": 0, ""中潛勢（5≤PL≤15）"": 0, ""高潛勢（PL≥15）"": 0}"
ITAIWAN-11603,宜蘭地政事務所,政府機關,數位發展部 iTaiwan 熱點（政府機關位置代理點）,121.745811,24.754343,,iTaiwan 熱點位置代理點，非完整機關名冊,325432.54,2738774.18,3622,3702,圖面範圍內,高潛勢（PL≥15）,清楚,12.1,高潛勢（PL≥15）,True,直接落在中／高潛勢圖色,"{""低潛勢（PL<5）"": 0, ""中潛勢（5≤PL≤15）"": 0, ""高潛勢（PL≥15）"": 5}"
ITAIWAN-11604,羅東地政事務所,政府機關,數位發展部 iTaiwan 熱點（政府機關位置代理點）,121.767268,24.677321,,iTaiwan 熱點位置代理點，非完整機關名冊,327650.59,2730254.91,3988,5107,圖面範圍內,高潛勢（PL≥15）,清楚,6.1,高潛勢（PL≥15）,True,直接落在中／高潛勢圖色,"{""低潛勢（PL<5）"": 0, ""中潛勢（5≤PL≤15）"": 0, ""高潛勢（PL≥15）"": 12}"
ITAIWAN-11904,頭城戶政事務所,政府機關,數位發展部 iTaiwan 熱點（政府機關位置代理點）,121.82646,24.86285,,iTaiwan 熱點位置代理點，非完整機關名冊,333517.12,2750839.99,4955,1712,圖面範圍內,高潛勢（PL≥15）,清楚,0.0,高潛勢（PL≥15）,True,直接落在中／高潛勢圖色,"{""低潛勢（PL<5）"": 0, ""中潛勢（5≤PL≤15）"": 0, ""高潛勢（PL≥15）"": 24}"
ITAIWAN-11624,冬山鄉戶政事務所,政府機關,數位發展部 iTaiwan 熱點（政府機關位置代理點）,121.771517,24.667211,,iTaiwan 熱點位置代理點，非完整機關名冊,328086.92,2729137.5,4060,5291,圖面範圍內,高潛勢（PL≥15）,清楚,0.0,高潛勢（PL≥15）,True,直接落在中／高潛勢圖色,"{""低潛勢（PL<5）"": 0, ""中潛勢（5≤PL≤15）"": 0, ""高潛勢（PL≥15）"": 15}"
ITAIWAN-11619,宜蘭市戶政事務所,政府機關,數位發展部 iTaiwan 熱點（政府機關位置代理點）,121.752977,24.749326,,iTaiwan 熱點位置代理點，非完整機關名冊,326160.41,2738222.44,3742,3793,圖面範圍內,圖上無可判讀潛勢色塊,無法判讀,24.3,高潛勢（PL≥15）,True,距中／高潛勢圖色 24.3 公尺（≤300公尺）,"{""低潛勢（PL<5）"": 0, ""中潛勢（5≤PL≤15）"": 0, ""高潛勢（PL≥15）"": 0}"
ITAIWAN-11605,宜蘭縣地方稅務局,政府機關,數位發展部 iTaiwan 熱點（政府機關位置代理點）,121.754136,24.748926,,iTaiwan 熱點位置代理點，非完整機關名冊,326277.89,2738178.78,3761,3800,圖面範圍內,高潛勢（PL≥15）,清楚,0.0,高潛勢（PL≥15）,True,直接落在中／高潛勢圖色,"{""低潛勢（PL<5）"": 0, ""中潛勢（5≤PL≤15）"": 0, ""高潛勢（PL≥15）"": 13}"
ITAIWAN-11878,宜蘭縣政府文化局,政府機關,數位發展部 iTaiwan 熱點（政府機關位置代理點）,121.74448,24.749754,,iTaiwan 熱點位置代理點，非完整機關名冊,325300.69,2738265.15,3600,3786,圖面範圍內,高潛勢（PL≥15）,清楚,0.0,高潛勢（PL≥15）,True,直接落在中／高潛勢圖色,"{""低潛勢（PL<5）"": 0, ""中潛勢（5≤PL≤15）"": 0, ""高潛勢（PL≥15）"": 19}"
ITAIWAN-11622,礁溪鄉戶政事務所,政府機關,數位發展部 iTaiwan 熱點（政府機關位置代理點）,121.769564,24.821279,,iTaiwan 熱點位置代理點，非完整機關名冊,327793.3,2746201.66,4011,2477,圖面範圍內,低潛勢（PL<5）,清楚,115.4,中潛勢（5≤PL≤15）,True,距中／高潛勢圖色 115.4 公尺（≤300公尺）,"{""低潛勢（PL<5）"": 5, ""中潛勢（5≤PL≤15）"": 0, ""高潛勢（PL≥15）"": 0}"
ITAIWAN-11620,羅東鎮戶政事務所,政府機關,數位發展部 iTaiwan 熱點（政府機關位置代理點）,121.768781,24.678764,,iTaiwan 熱點位置代理點，非完整機關名冊,327802.83,2730415.6,4013,5081,圖面範圍內,高潛勢（PL≥15）,清楚,13.6,高潛勢（PL≥15）,True,直接落在中／高潛勢圖色,"{""低潛勢（PL<5）"": 0, ""中潛勢（5≤PL≤15）"": 0, ""高潛勢（PL≥15）"": 1}"
ITAIWAN-11606,地方稅務局羅東分局,政府機關,數位發展部 iTaiwan 熱點（政府機關位置代理點）,121.768673,24.678505,,iTaiwan 熱點位置代理點，非完整機關名冊,327792.06,2730386.85,4011,5085,圖面範圍內,高潛勢（PL≥15）,清楚,6.1,高潛勢（PL≥15）,True,直接落在中／高潛勢圖色,"{""低潛勢（PL<5）"": 0, ""中潛勢（5≤PL≤15）"": 0, ""高潛勢（PL≥15）"": 10}"
ITAIWAN-11795,宜蘭縣警察局大廳A,政府機關,數位發展部 iTaiwan 熱點（政府機關位置代理點）,121.754007,24.749384,,iTaiwan 熱點位置代理點，非完整機關名冊,326264.56,2738229.44,3759,3792,圖面範圍內,高潛勢（PL≥15）,清楚,6.1,高潛勢（PL≥15）,True,直接落在中／高潛勢圖色,"{""低潛勢（PL<5）"": 0, ""中潛勢（5≤PL≤15）"": 0, ""高潛勢（PL≥15）"": 8}"
ITAIWAN-11797,宜蘭縣警察局宜蘭分局,政府機關,數位發展部 iTaiwan 熱點（政府機關位置代理點）,121.755407,24.75533,,iTaiwan 熱點位置代理點，非完整機關名冊,326402.53,2738888.83,3782,3683,圖面範圍內,高潛勢（PL≥15）,清楚,6.1,高潛勢（PL≥15）,True,直接落在中／高潛勢圖色,"{""低潛勢（PL<5）"": 0, ""中潛勢（5≤PL≤15）"": 0, ""高潛勢（PL≥15）"": 7}"
ITAIWAN-11798,宜蘭縣警察局礁溪分局,政府機關,數位發展部 iTaiwan 熱點（政府機關位置代理點）,121.774038,24.82717,,iTaiwan 熱點位置代理點，非完整機關名冊,328241.88,2746856.74,4085,2369,圖面範圍內,低潛勢（PL<5）,清楚,171.2,中潛勢（5≤PL≤15）,True,距中／高潛勢圖色 171.2 公尺（≤300公尺）,"{""低潛勢（PL<5）"": 3, ""中潛勢（5≤PL≤15）"": 0, ""高潛勢（PL≥15）"": 0}"
ITAIWAN-11943,宜蘭縣政府動植物防疫所,政府機關,數位發展部 iTaiwan 熱點（政府機關位置代理點）,121.83108,24.666557,,iTaiwan 熱點位置代理點，非完整機關名冊,334116.13,2729100.25,5054,5298,圖面範圍內,高潛勢（PL≥15）,清楚,12.1,高潛勢（PL≥15）,True,直接落在中／高潛勢圖色,"{""低潛勢（PL<5）"": 0, ""中潛勢（5≤PL≤15）"": 0, ""高潛勢（PL≥15）"": 5}"
ITAIWAN-11978,宜蘭縣政府原住民族行政處,政府機關,數位發展部 iTaiwan 熱點（政府機關位置代理點）,121.7573892,24.7699914,,iTaiwan 熱點位置代理點，非完整機關名冊,326594.03,2740513.9,3813,3415,圖面範圍內,高潛勢（PL≥15）,清楚,0.0,高潛勢（PL≥15）,True,直接落在中／高潛勢圖色,"{""低潛勢（PL<5）"": 0, ""中潛勢（5≤PL≤15）"": 0, ""高潛勢（PL≥15）"": 25}"
ITAIWAN-11983,宜蘭縣政府文化局化龍一村,政府機關,數位發展部 iTaiwan 熱點（政府機關位置代理點）,121.7500779,24.7568465,,iTaiwan 熱點位置代理點，非完整機關名冊,325862.6,2739053.84,3693,3656,圖面範圍內,高潛勢（PL≥15）,清楚,0.0,高潛勢（PL≥15）,True,直接落在中／高潛勢圖色,"{""低潛勢（PL<5）"": 0, ""中潛勢（5≤PL≤15）"": 0, ""高潛勢（PL≥15）"": 19}"
ITAIWAN-11676,宜蘭縣政府警察局三城派出所,政府機關,數位發展部 iTaiwan 熱點（政府機關位置代理點）,121.767024,24.810172,,iTaiwan 熱點位置代理點，非完整機關名冊,327543.44,2744969.94,3970,2680,圖面範圍內,低潛勢（PL<5）,清楚,179.1,中潛勢（5≤PL≤15）,True,距中／高潛勢圖色 179.1 公尺（≤300公尺）,"{""低潛勢（PL<5）"": 10, ""中潛勢（5≤PL≤15）"": 0, ""高潛勢（PL≥15）"": 0}"
ITAIWAN-11684,宜蘭縣政府警察局二城派出所,政府機關,數位發展部 iTaiwan 熱點（政府機關位置代理點）,121.793052,24.83881,,iTaiwan 熱點位置代理點，非完整機關名冊,330156.45,2748157.1,4401,2154,圖面範圍內,高潛勢（PL≥15）,清楚,0.0,高潛勢（PL≥15）,True,直接落在中／高潛勢圖色,"{""低潛勢（PL<5）"": 0, ""中潛勢（5≤PL≤15）"": 0, ""高潛勢（PL≥15）"": 20}"
ITAIWAN-11675,宜蘭縣政府警察局二結派出所,政府機關,數位發展部 iTaiwan 熱點（政府機關位置代理點）,121.767957,24.702631,,iTaiwan 熱點位置代理點，非完整機關名冊,327704.63,2733058.73,3997,4645,圖面範圍內,圖上無可判讀潛勢色塊,無法判讀,30.3,中潛勢（5≤PL≤15）,True,距中／高潛勢圖色 30.3 公尺（≤300公尺）,"{""低潛勢（PL<5）"": 0, ""中潛勢（5≤PL≤15）"": 0, ""高潛勢（PL≥15）"": 0}"
ITAIWAN-11674,宜蘭縣政府警察局五結分駐所,政府機關,數位發展部 iTaiwan 熱點（政府機關位置代理點）,121.79788,24.687473,,iTaiwan 熱點位置代理點，非完整機關名冊,330742.24,2731397.05,4498,4919,圖面範圍內,高潛勢（PL≥15）,清楚,0.0,高潛勢（PL≥15）,True,直接落在中／高潛勢圖色,"{""低潛勢（PL<5）"": 0, ""中潛勢（5≤PL≤15）"": 0, ""高潛勢（PL≥15）"": 17}"
ITAIWAN-11673,宜蘭縣政府警察局利澤派出所,政府機關,數位發展部 iTaiwan 熱點（政府機關位置代理點）,121.82321,24.666035,,iTaiwan 熱點位置代理點，非完整機關名冊,333319.89,2729037.63,4923,5308,圖面範圍內,高潛勢（PL≥15）,清楚,13.6,高潛勢（PL≥15）,True,直接落在中／高潛勢圖色,"{""低潛勢（PL<5）"": 0, ""中潛勢（5≤PL≤15）"": 0, ""高潛勢（PL≥15）"": 5}"
ITAIWAN-11677,宜蘭縣政府警察局四城派出所,政府機關,數位發展部 iTaiwan 熱點（政府機關位置代理點）,121.761466,24.7878,,iTaiwan 熱點位置代理點，非完整機關名冊,326995.34,2742488.76,3880,3089,圖面範圍內,高潛勢（PL≥15）,清楚,0.0,高潛勢（PL≥15）,True,直接落在中／高潛勢圖色,"{""低潛勢（PL<5）"": 0, ""中潛勢（5≤PL≤15）"": 0, ""高潛勢（PL≥15）"": 19}"
ITAIWAN-11679,宜蘭縣政府警察局壯圍分駐所,政府機關,數位發展部 iTaiwan 熱點（政府機關位置代理點）,121.786421,24.746221,,iTaiwan 熱點位置代理點，非完整機關名冊,329545.24,2737897.55,4300,3846,圖面範圍內,高潛勢（PL≥15）,清楚,6.1,高潛勢（PL≥15）,True,直接落在中／高潛勢圖色,"{""低潛勢（PL<5）"": 0, ""中潛勢（5≤PL≤15）"": 0, ""高潛勢（PL≥15）"": 8}"
ITAIWAN-11682,宜蘭縣政府警察局大福派出所,政府機關,數位發展部 iTaiwan 熱點（政府機關位置代理點）,121.81684,24.800164,,iTaiwan 熱點位置代理點，非完整機關名冊,332586.51,2743890.61,4802,2858,圖面範圍內,高潛勢（PL≥15）,清楚,6.1,高潛勢（PL≥15）,True,直接落在中／高潛勢圖色,"{""低潛勢（PL<5）"": 0, ""中潛勢（5≤PL≤15）"": 0, ""高潛勢（PL≥15）"": 12}"
ITAIWAN-11670,宜蘭縣政府警察局廣興派出所,政府機關,數位發展部 iTaiwan 熱點（政府機關位置代理點）,121.749278,24.669749,,iTaiwan 熱點位置代理點，非完整機關名冊,325834.44,2729406.15,3688,5247,圖面範圍內,低潛勢（PL<5）,清楚,73.8,中潛勢（5≤PL≤15）,True,距中／高潛勢圖色 73.8 公尺（≤300公尺）,"{""低潛勢（PL<5）"": 14, ""中潛勢（5≤PL≤15）"": 0, ""高潛勢（PL≥15）"": 0}"
ITAIWAN-11662,宜蘭縣政府警察局延平派出所,政府機關,數位發展部 iTaiwan 熱點（政府機關位置代理點）,121.772935,24.750489,,iTaiwan 熱點位置代理點，非完整機關名冊,328178.43,2738362.52,4075,3770,圖面範圍內,高潛勢（PL≥15）,清楚,6.1,高潛勢（PL≥15）,True,直接落在中／高潛勢圖色,"{""低潛勢（PL<5）"": 0, ""中潛勢（5≤PL≤15）"": 0, ""高潛勢（PL≥15）"": 10}"
ITAIWAN-11680,宜蘭縣政府警察局忠孝派出所,政府機關,數位發展部 iTaiwan 熱點（政府機關位置代理點）,121.803158,24.764304,,iTaiwan 熱點位置代理點，非完整機關名冊,331226.48,2739910.35,4577,3514,圖面範圍內,高潛勢（PL≥15）,清楚,0.0,高潛勢（PL≥15）,True,直接落在中／高潛勢圖色,"{""低潛勢（PL<5）"": 0, ""中潛勢（5≤PL≤15）"": 0, ""高潛勢（PL≥15）"": 14}"
ITAIWAN-11666,宜蘭縣政府警察局惠好派出所,政府機關,數位發展部 iTaiwan 熱點（政府機關位置代理點）,121.729152,24.729322,,iTaiwan 熱點位置代理點，非完整機關名冊,323762.33,2735993.68,3346,4160,圖面範圍內,低潛勢（PL<5）,清楚,30.9,中潛勢（5≤PL≤15）,True,距中／高潛勢圖色 30.9 公尺（≤300公尺）,"{""低潛勢（PL<5）"": 15, ""中潛勢（5≤PL≤15）"": 0, ""高潛勢（PL≥15）"": 0}"
ITAIWAN-11668,宜蘭縣政府警察局成功派出所,政府機關,數位發展部 iTaiwan 熱點（政府機關位置代理點）,121.770693,24.669603,,iTaiwan 熱點位置代理點，非完整機關名冊,328002.03,2729401.98,4046,5248,圖面範圍內,圖上無可判讀潛勢色塊,無法判讀,27.1,高潛勢（PL≥15）,True,距中／高潛勢圖色 27.1 公尺（≤300公尺）,"{""低潛勢（PL<5）"": 0, ""中潛勢（5≤PL≤15）"": 0, ""高潛勢（PL≥15）"": 0}"
ITAIWAN-11690,宜蘭縣政府警察局新城派出所,政府機關,數位發展部 iTaiwan 熱點（政府機關位置代理點）,121.813543,24.614572,,iTaiwan 熱點位置代理點，非完整機關名冊,332375.17,2723331.56,4767,6249,圖面範圍內,低潛勢（PL<5）,清楚,127.3,中潛勢（5≤PL≤15）,True,距中／高潛勢圖色 127.3 公尺（≤300公尺）,"{""低潛勢（PL<5）"": 25, ""中潛勢（5≤PL≤15）"": 0, ""高潛勢（PL≥15）"": 0}"
ITAIWAN-11660,宜蘭縣政府警察局新民派出所,政府機關,數位發展部 iTaiwan 熱點（政府機關位置代理點）,121.754031,24.757387,,iTaiwan 熱點位置代理點，非完整機關名冊,326262.1,2739115.9,3759,3645,圖面範圍內,高潛勢（PL≥15）,清楚,0.0,高潛勢（PL≥15）,True,直接落在中／高潛勢圖色,"{""低潛勢（PL<5）"": 0, ""中潛勢（5≤PL≤15）"": 0, ""高潛勢（PL≥15）"": 10}"
ITAIWAN-11661,宜蘭縣政府警察局新生派出所,政府機關,數位發展部 iTaiwan 熱點（政府機關位置代理點）,121.756853,24.769672,,iTaiwan 熱點位置代理點，非完整機關名冊,326540.0,2740478.22,3804,3421,圖面範圍內,高潛勢（PL≥15）,清楚,0.0,高潛勢（PL≥15）,True,直接落在中／高潛勢圖色,"{""低潛勢（PL<5）"": 0, ""中潛勢（5≤PL≤15）"": 0, ""高潛勢（PL≥15）"": 17}"
ITAIWAN-11664,宜蘭縣政府警察局枕山派出所,政府機關,數位發展部 iTaiwan 熱點（政府機關位置代理點）,121.718787,24.758985,,iTaiwan 熱點位置代理點，非完整機關名冊,322696.5,2739273.72,3171,3619,圖面範圍內,高潛勢（PL≥15）,清楚,6.1,高潛勢（PL≥15）,True,直接落在中／高潛勢圖色,"{""低潛勢（PL<5）"": 0, ""中潛勢（5≤PL≤15）"": 0, ""高潛勢（PL≥15）"": 11}"
ITAIWAN-11658,宜蘭縣政府警察局民族派出所,政府機關,數位發展部 iTaiwan 熱點（政府機關位置代理點）,121.748248,24.756013,,iTaiwan 熱點位置代理點，非完整機關名冊,325678.02,2738960.5,3662,3671,圖面範圍內,高潛勢（PL≥15）,清楚,6.1,高潛勢（PL≥15）,True,直接落在中／高潛勢圖色,"{""低潛勢（PL<5）"": 0, ""中潛勢（5≤PL≤15）"": 0, ""高潛勢（PL≥15）"": 11}"
ITAIWAN-11691,宜蘭縣政府警察局港邊派出所,政府機關,數位發展部 iTaiwan 熱點（政府機關位置代理點）,121.852483,24.611856,,iTaiwan 熱點位置代理點，非完整機關名冊,336320.08,2723054.6,5418,6295,圖面範圍內,高潛勢（PL≥15）,清楚,0.0,高潛勢（PL≥15）,True,直接落在中／高潛勢圖色,"{""低潛勢（PL<5）"": 0, ""中潛勢（5≤PL≤15）"": 0, ""高潛勢（PL≥15）"": 24}"
ITAIWAN-11681,宜蘭縣政府警察局美城派出所,政府機關,數位發展部 iTaiwan 熱點（政府機關位置代理點）,121.787526,24.777582,,iTaiwan 熱點位置代理點，非完整機關名冊,329637.01,2741371.89,4315,3273,圖面範圍內,高潛勢（PL≥15）,清楚,0.0,高潛勢（PL≥15）,True,直接落在中／高潛勢圖色,"{""低潛勢（PL<5）"": 0, ""中潛勢（5≤PL≤15）"": 0, ""高潛勢（PL≥15）"": 24}"
ITAIWAN-11669,宜蘭縣政府警察局開羅派出所,政府機關,數位發展部 iTaiwan 熱點（政府機關位置代理點）,121.777345,24.671758,,iTaiwan 熱點位置代理點，非完整機關名冊,328673.96,2729644.47,4156,5208,圖面範圍內,高潛勢（PL≥15）,清楚,0.0,高潛勢（PL≥15）,True,直接落在中／高潛勢圖色,"{""低潛勢（PL<5）"": 0, ""中潛勢（5≤PL≤15）"": 0, ""高潛勢（PL≥15）"": 25}"
ITAIWAN-11671,宜蘭縣政府警察局順安派出所,政府機關,數位發展部 iTaiwan 熱點（政府機關位置代理點）,121.764148,24.654598,,iTaiwan 熱點位置代理點，非完整機關名冊,327348.84,2727736.27,3938,5523,圖面範圍內,中潛勢（5≤PL≤15）,清楚,0.0,中潛勢（5≤PL≤15）,True,直接落在中／高潛勢圖色,"{""低潛勢（PL<5）"": 0, ""中潛勢（5≤PL≤15）"": 15, ""高潛勢（PL≥15）"": 0}"
ITAIWAN-11683,宜蘭縣政府警察局頭城分駐所,政府機關,數位發展部 iTaiwan 熱點（政府機關位置代理點）,121.826794,24.862574,,iTaiwan 熱點位置代理點，非完整機關名冊,333551.06,2750809.62,4961,1717,圖面範圍內,高潛勢（PL≥15）,清楚,8.6,高潛勢（PL≥15）,True,直接落在中／高潛勢圖色,"{""低潛勢（PL<5）"": 0, ""中潛勢（5≤PL≤15）"": 0, ""高潛勢（PL≥15）"": 5}"
ITAIWAN-11689,宜蘭縣政府警察局馬賽派出所,政府機關,數位發展部 iTaiwan 熱點（政府機關位置代理點）,121.834969,24.618066,,iTaiwan 熱點位置代理點，非完整機關名冊,334542.4,2723731.57,5124,6183,圖面範圍內,低潛勢（PL<5）,清楚,73.3,中潛勢（5≤PL≤15）,True,距中／高潛勢圖色 73.3 公尺（≤300公尺）,"{""低潛勢（PL<5）"": 25, ""中潛勢（5≤PL≤15）"": 0, ""高潛勢（PL≥15）"": 0}"
ITAIWAN-11678,宜蘭縣政府警察局龍潭派出所,政府機關,數位發展部 iTaiwan 熱點（政府機關位置代理點）,121.740573,24.779919,,iTaiwan 熱點位置代理點，非完整機關名冊,324887.4,2741604.21,3532,3235,圖面範圍內,中潛勢（5≤PL≤15）,清楚,6.1,中潛勢（5≤PL≤15）,True,直接落在中／高潛勢圖色,"{""低潛勢（PL<5）"": 0, ""中潛勢（5≤PL≤15）"": 8, ""高潛勢（PL≥15）"": 0}"
ITAIWAN-1908,財政部北區國稅局羅東稽徵所,政府機關,數位發展部 iTaiwan 熱點（政府機關位置代理點）,121.7686113,24.6782102,,iTaiwan 熱點位置代理點，非完整機關名冊,327786.0,2730354.16,4010,5091,圖面範圍內,高潛勢（PL≥15）,清楚,6.1,高潛勢（PL≥15）,True,直接落在中／高潛勢圖色,"{""低潛勢（PL<5）"": 0, ""中潛勢（5≤PL≤15）"": 0, ""高潛勢（PL≥15）"": 5}"
ITAIWAN-11659,宜蘭縣政府警察局宜蘭分局3樓,政府機關,數位發展部 iTaiwan 熱點（政府機關位置代理點）,121.755519,24.755345,,iTaiwan 熱點位置代理點，非完整機關名冊,326413.85,2738890.55,3784,3683,圖面範圍內,高潛勢（PL≥15）,清楚,8.6,高潛勢（PL≥15）,True,直接落在中／高潛勢圖色,"{""低潛勢（PL<5）"": 0, ""中潛勢（5≤PL≤15）"": 0, ""高潛勢（PL≥15）"": 4}"
ITAIWAN-4346,內政部移民署宜蘭縣服務站(新),政府機關,數位發展部 iTaiwan 熱點（政府機關位置代理點）,121.766003,24.682504,,iTaiwan 熱點位置代理點，非完整機關名冊,327519.36,2730828.28,3966,5012,圖面範圍內,高潛勢（PL≥15）,清楚,0.0,高潛勢（PL≥15）,True,直接落在中／高潛勢圖色,"{""低潛勢（PL<5）"": 0, ""中潛勢（5≤PL≤15）"": 0, ""高潛勢（PL≥15）"": 23}"
ITAIWAN-11601,宜蘭縣政府社會處(社會福利館),政府機關,數位發展部 iTaiwan 熱點（政府機關位置代理點）,121.750853,24.762108,,iTaiwan 熱點位置代理點，非完整機關名冊,325937.8,2739637.05,3705,3559,圖面範圍內,高潛勢（PL≥15）,清楚,0.0,高潛勢（PL≥15）,True,直接落在中／高潛勢圖色,"{""低潛勢（PL<5）"": 0, ""中潛勢（5≤PL≤15）"": 0, ""高潛勢（PL≥15）"": 25}"
ITAIWAN-11802,宜蘭縣警察局宜蘭分局進士派出所,政府機關,數位發展部 iTaiwan 熱點（政府機關位置代理點）,121.761668,24.731124,,iTaiwan 熱點位置代理點，非完整機關名冊,327050.72,2736211.18,3889,4125,圖面範圍內,高潛勢（PL≥15）,清楚,0.0,高潛勢（PL≥15）,True,直接落在中／高潛勢圖色,"{""低潛勢（PL<5）"": 0, ""中潛勢（5≤PL≤15）"": 0, ""高潛勢（PL≥15）"": 19}"
ITAIWAN-1325,交通部公路局臺北區監理所宜蘭監理站,政府機關,數位發展部 iTaiwan 熱點（政府機關位置代理點）,121.769135,24.693988,,iTaiwan 熱點位置代理點，非完整機關名冊,327829.2,2732102.06,4017,4802,圖面範圍內,高潛勢（PL≥15）,清楚,0.0,高潛勢（PL≥15）,True,直接落在中／高潛勢圖色,"{""低潛勢（PL<5）"": 0, ""中潛勢（5≤PL≤15）"": 0, ""高潛勢（PL≥15）"": 25}"
ITAIWAN-2851,內政部警政署國道公路警察局第九警察隊,政府機關,數位發展部 iTaiwan 熱點（政府機關位置代理點）,121.790754,24.838173,,iTaiwan 熱點位置代理點，非完整機關名冊,329924.59,2748085.19,4363,2166,圖面範圍內,高潛勢（PL≥15）,清楚,6.1,高潛勢（PL≥15）,True,直接落在中／高潛勢圖色,"{""低潛勢（PL<5）"": 0, ""中潛勢（5≤PL≤15）"": 0, ""高潛勢（PL≥15）"": 5}"
ITAIWAN-1892,財政部北區國稅局宜蘭縣分局第1辦公室,政府機關,數位發展部 iTaiwan 熱點（政府機關位置代理點）,121.754107,24.748557,,iTaiwan 熱點位置代理點，非完整機關名冊,326275.18,2738137.9,3761,3807,圖面範圍內,高潛勢（PL≥15）,清楚,0.0,高潛勢（PL≥15）,True,直接落在中／高潛勢圖色,"{""低潛勢（PL<5）"": 0, ""中潛勢（5≤PL≤15）"": 0, ""高潛勢（PL≥15）"": 24}"
NFA-2,宜蘭縣政府消防局頭城分隊,消防分隊,內政部消防署（官方）,121.8266002085756,24.86260621372328,,消防署點位；來源座標欄名與數值範圍不一致，依數值判為經緯度,333531.45,2750813.07,4958,1716,圖面範圍內,高潛勢（PL≥15）,清楚,0.0,高潛勢（PL≥15）,True,直接落在中／高潛勢圖色,"{""低潛勢（PL<5）"": 0, ""中潛勢（5≤PL≤15）"": 0, ""高潛勢（PL≥15）"": 16}"
NFA-3,宜蘭縣政府消防局礁溪分隊,消防分隊,內政部消防署（官方）,121.77358695644172,24.82687324927228,,消防署點位；來源座標欄名與數值範圍不一致，依數值判為經緯度,328196.47,2746823.61,4078,2374,圖面範圍內,圖上無可判讀潛勢色塊,無法判讀,167.7,中潛勢（5≤PL≤15）,True,距中／高潛勢圖色 167.7 公尺（≤300公尺）,"{""低潛勢（PL<5）"": 0, ""中潛勢（5≤PL≤15）"": 0, ""高潛勢（PL≥15）"": 0}"
NFA-4,宜蘭縣政府消防局宜蘭分隊,消防分隊,內政部消防署（官方）,121.755183940592,24.755404984591895,,消防署點位；來源座標欄名與數值範圍不一致，依數值判為經緯度,326379.93,2738897.01,3778,3682,圖面範圍內,高潛勢（PL≥15）,清楚,6.1,高潛勢（PL≥15）,True,直接落在中／高潛勢圖色,"{""低潛勢（PL<5）"": 0, ""中潛勢（5≤PL≤15）"": 0, ""高潛勢（PL≥15）"": 9}"
NFA-6,宜蘭縣政府消防局壯圍分隊,消防分隊,內政部消防署（官方）,121.78641758382872,24.746270192466387,,消防署點位；來源座標欄名與數值範圍不一致，依數值判為經緯度,329544.86,2737902.99,4300,3846,圖面範圍內,高潛勢（PL≥15）,清楚,6.1,高潛勢（PL≥15）,True,直接落在中／高潛勢圖色,"{""低潛勢（PL<5）"": 0, ""中潛勢（5≤PL≤15）"": 0, ""高潛勢（PL≥15）"": 8}"
NFA-9,宜蘭縣政府消防局特種分隊,消防分隊,內政部消防署（官方）,121.7863752943875,24.83650442068725,,消防署點位；來源座標欄名與數值範圍不一致，依數值判為經緯度,329483.06,2747897.81,4290,2197,圖面範圍內,高潛勢（PL≥15）,清楚,0.0,高潛勢（PL≥15）,True,直接落在中／高潛勢圖色,"{""低潛勢（PL<5）"": 0, ""中潛勢（5≤PL≤15）"": 0, ""高潛勢（PL≥15）"": 25}"
NFA-11,宜蘭縣政府消防局羅東分隊,消防分隊,內政部消防署（官方）,121.76924802709016,24.678059607035035,,消防署點位；來源座標欄名與數值範圍不一致，依數值判為經緯度,327850.53,2730337.84,4021,5093,圖面範圍內,高潛勢（PL≥15）,清楚,8.6,高潛勢（PL≥15）,True,直接落在中／高潛勢圖色,"{""低潛勢（PL<5）"": 0, ""中潛勢（5≤PL≤15）"": 0, ""高潛勢（PL≥15）"": 5}"
NFA-13,宜蘭縣政府消防局冬山分隊,消防分隊,內政部消防署（官方）,121.79365379641952,24.63364156087263,,消防署點位；來源座標欄名與數值範圍不一致，依數值判為經緯度,330349.01,2725432.0,4433,5903,圖面範圍內,低潛勢（PL<5）,清楚,211.2,中潛勢（5≤PL≤15）,True,距中／高潛勢圖色 211.2 公尺（≤300公尺）,"{""低潛勢（PL<5）"": 10, ""中潛勢（5≤PL≤15）"": 0, ""高潛勢（PL≥15）"": 0}"
NFA-14,宜蘭縣政府消防局五結分隊,消防分隊,內政部消防署（官方）,121.8180920019135,24.66795552604253,,消防署點位；來源座標欄名與數值範圍不一致，依數值判為經緯度,332800.59,2729247.26,4837,5273,圖面範圍內,圖上無可判讀潛勢色塊,無法判讀,36.4,高潛勢（PL≥15）,True,距中／高潛勢圖色 36.4 公尺（≤300公尺）,"{""低潛勢（PL<5）"": 0, ""中潛勢（5≤PL≤15）"": 0, ""高潛勢（PL≥15）"": 0}"
NFA-15,宜蘭縣政府消防局馬賽分隊,消防分隊,內政部消防署（官方）,121.83527773362329,24.618082977943523,,消防署點位；來源座標欄名與數值範圍不一致，依數值判為經緯度,334573.65,2723733.64,5129,6183,圖面範圍內,低潛勢（PL<5）,清楚,47.4,中潛勢（5≤PL≤15）,True,距中／高潛勢圖色 47.4 公尺（≤300公尺）,"{""低潛勢（PL<5）"": 9, ""中潛勢（5≤PL≤15）"": 0, ""高潛勢（PL≥15）"": 0}"
